date,daily_demand
2020-01-01,985
2020-01-02,1019
2020-01-03,861
2020-01-04,1343
2020-01-05,1103
2020-01-06,1064
2020-01-07,815
2020-01-08,983
2020-01-09,968
2020-01-10,1105
2020-01-11,1276
2020-01-12,1485
2020-01-13,912
2020-01-14,984
2020-01-15,890
2020-01-16,806
2020-01-17,960
2020-01-18,1274
2020-01-19,1406
2020-01-20,845
2020-01-21,943
2020-01-22,1124
2020-01-23,994
2020-01-24,1099
2020-01-25,1333
2020-01-26,1453
2020-01-27,1010
2020-01-28,1101
2020-01-29,964
2020-01-30,842
2020-01-31,966
2020-02-01,1299
2020-02-02,1334
2020-02-03,975
2020-02-04,1053
2020-02-05,981
2020-02-06,995
2020-02-07,877
2020-02-08,1431
2020-02-09,1392
2020-02-10,865
2020-02-11,999
2020-02-12,837
2020-02-13,967
2020-02-14,1075
2020-02-15,1522
2020-02-16,1068
2020-02-17,782
2020-02-18,978
2020-02-19,1057
2020-02-20,931
2020-02-21,973
2020-02-22,1191
2020-02-23,1280
2020-02-24,875
2020-02-25,859
2020-02-26,897
2020-02-27,945
2020-02-28,990
2020-02-29,1499
2020-03-01,1493
2020-03-02,953
2020-03-03,915
2020-03-04,1067
2020-03-05,997
2020-03-06,924
2020-03-07,1197
2020-03-08,1227
2020-03-09,1098
2020-03-10,990
2020-03-11,901
2020-03-12,962
2020-03-13,1058
2020-03-14,1575
2020-03-15,1459
2020-03-16,884
2020-03-17,1079
2020-03-18,1059
2020-03-19,817
2020-03-20,879
2020-03-21,1354
2020-03-22,1384
2020-03-23,1012
2020-03-24,1045
2020-03-25,972
2020-03-26,976
2020-03-27,973
2020-03-28,1225
2020-03-29,1371
2020-03-30,875
2020-03-31,938
2020-04-01,984
2020-04-02,953
2020-04-03,871
2020-04-04,1367
2020-04-05,1227
2020-04-06,1040
2020-04-07,977
2020-04-08,1171
2020-04-09,1113
2020-04-10,964
2020-04-11,1342
2020-04-12,1299
2020-04-13,972
2020-04-14,1007
2020-04-15,923
2020-04-16,1003
2020-04-17,929
2020-04-18,1333
2020-04-19,1474
2020-04-20,1013
2020-04-21,1106
2020-04-22,914
2020-04-23,1057
2020-04-24,973
2020-04-25,1329
2020-04-26,1343
2020-04-27,1031
2020-04-28,1006
2020-04-29,950
2020-04-30,822
2020-05-01,962
2020-05-02,1197
2020-05-03,1526
2020-05-04,960
2020-05-05,947
2020-05-06,895
2020-05-07,1023
2020-05-08,888
2020-05-09,1419
2020-05-10,1338
2020-05-11,1035
2020-05-12,848
2020-05-13,893
2020-05-14,852
2020-05-15,952
2020-05-16,1479
2020-05-17,1277
2020-05-18,1028
2020-05-19,789
2020-05-20,968
2020-05-21,874
2020-05-22,839
2020-05-23,1413
2020-05-24,1307
2020-05-25,852
2020-05-26,891
2020-05-27,1098
2020-05-28,1200
2020-05-29,1129
2020-05-30,1358
2020-05-31,1241
2020-06-01,852
2020-06-02,886
2020-06-03,1065
2020-06-04,1056
2020-06-05,910
2020-06-06,1370
2020-06-07,1401
2020-06-08,883
2020-06-09,1136
2020-06-10,1019
2020-06-11,1208
2020-06-12,874
2020-06-13,1357
2020-06-14,1372
2020-06-15,945
2020-06-16,967
2020-06-17,896
2020-06-18,908
2020-06-19,869
2020-06-20,1310
2020-06-21,1379
2020-06-22,1140
2020-06-23,1040
2020-06-24,911
2020-06-25,1044
2020-06-26,1008
2020-06-27,1376
2020-06-28,1440
2020-06-29,921
2020-06-30,990
2020-07-01,907
2020-07-02,854
2020-07-03,968
2020-07-04,1450
2020-07-05,1435
2020-07-06,973
2020-07-07,945
2020-07-08,928
2020-07-09,955
2020-07-10,941
2020-07-11,1334
2020-07-12,1301
2020-07-13,907
2020-07-14,780
2020-07-15,967
2020-07-16,840
2020-07-17,966
2020-07-18,1315
2020-07-19,1403
2020-07-20,994
2020-07-21,892
2020-07-22,1038
2020-07-23,1005
2020-07-24,950
2020-07-25,1379
2020-07-26,1346
2020-07-27,876
2020-07-28,975
2020-07-29,920
2020-07-30,788
2020-07-31,811
2020-08-01,1312
2020-08-02,1395
2020-08-03,1035
2020-08-04,913
2020-08-05,1071
2020-08-06,947
2020-08-07,971
2020-08-08,1183
2020-08-09,1314
2020-08-10,881
2020-08-11,986
2020-08-12,848
2020-08-13,1130
2020-08-14,910
2020-08-15,1378
2020-08-16,1379
2020-08-17,845
2020-08-18,1085
2020-08-19,1072
2020-08-20,914
2020-08-21,1008
2020-08-22,1371
2020-08-23,1358
2020-08-24,955
2020-08-25,950
2020-08-26,897
2020-08-27,1037
2020-08-28,917
2020-08-29,1338
2020-08-30,1197
2020-08-31,1057
2020-09-01,1030
2020-09-02,831
2020-09-03,1036
2020-09-04,898
2020-09-05,1471
2020-09-06,1332
2020-09-07,949
2020-09-08,901
2020-09-09,1080
2020-09-10,999
2020-09-11,882
2020-09-12,1347
2020-09-13,1228
2020-09-14,990
2020-09-15,1071
2020-09-16,983
2020-09-17,921
2020-09-18,780
2020-09-19,1538
2020-09-20,1361
2020-09-21,898
2020-09-22,974
2020-09-23,1093
2020-09-24,895
2020-09-25,1090
2020-09-26,1330
2020-09-27,1351
2020-09-28,1060
2020-09-29,1023
2020-09-30,917
2020-10-01,909
2020-10-02,1006
2020-10-03,1384
2020-10-04,1290
2020-10-05,936
2020-10-06,956
2020-10-07,905
2020-10-08,1018
2020-10-09,964
2020-10-10,1466
2020-10-11,1337
2020-10-12,816
2020-10-13,1078
2020-10-14,1037
2020-10-15,913
2020-10-16,992
2020-10-17,1365
2020-10-18,1546
2020-10-19,980
2020-10-20,954
2020-10-21,1073
2020-10-22,913
2020-10-23,958
2020-10-24,1477
2020-10-25,1430
2020-10-26,1012
2020-10-27,939
2020-10-28,906
2020-10-29,967
2020-10-30,1028
2020-10-31,1191
2020-11-01,1913
2020-11-02,1450
2020-11-03,1449
2020-11-04,1424
2020-11-05,1279
2020-11-06,1349
2020-11-07,1841
2020-11-08,1831
2020-11-09,1456
2020-11-10,1371
2020-11-11,1523
2020-11-12,1289
2020-11-13,1469
2020-11-14,1928
2020-11-15,1896
2020-11-16,1652
2020-11-17,1441
2020-11-18,1197
2020-11-19,1338
2020-11-20,1450
2020-11-21,1834
2020-11-22,1776
2020-11-23,1521
2020-11-24,1589
2020-11-25,1479
2020-11-26,1192
2020-11-27,1518
2020-11-28,1805
2020-11-29,1776
2020-11-30,1479
2020-12-01,1341
2020-12-02,1450
2020-12-03,1443
2020-12-04,1281
2020-12-05,1858
2020-12-06,1936
2020-12-07,1448
2020-12-08,1545
2020-12-09,1473
2020-12-10,1570
2020-12-11,1350
2020-12-12,1780
2020-12-13,1903
2020-12-14,1530
2020-12-15,1379
2020-12-16,1375
2020-12-17,1461
2020-12-18,1423
2020-12-19,1855
2020-12-20,1663
2020-12-21,1431
2020-12-22,1612
2020-12-23,1390
2020-12-24,1447
2020-12-25,1652
2020-12-26,1891
2020-12-27,1711
2020-12-28,1564
2020-12-29,1501
2020-12-30,1408
2020-12-31,1450
2021-01-01,1052
2021-01-02,1347
2021-01-03,1390
2021-01-04,1038
2021-01-05,1033
2021-01-06,816
2021-01-07,948
2021-01-08,1120
2021-01-09,1277
2021-01-10,1455
2021-01-11,961
2021-01-12,943
2021-01-13,854
2021-01-14,1004
2021-01-15,1030
2021-01-16,1416
2021-01-17,1405
2021-01-18,866
2021-01-19,975
2021-01-20,999
2021-01-21,956
2021-01-22,980
2021-01-23,1442
2021-01-24,1395
2021-01-25,1060
2021-01-26,745
2021-01-27,1053
2021-01-28,1006
2021-01-29,1046
2021-01-30,1401
2021-01-31,1183
2021-02-01,930
2021-02-02,896
2021-02-03,853
2021-02-04,995
2021-02-05,996
2021-02-06,1254
2021-02-07,1214
2021-02-08,844
2021-02-09,947
2021-02-10,949
2021-02-11,999
2021-02-12,854
2021-02-13,1254
2021-02-14,1306
2021-02-15,1082
2021-02-16,903
2021-02-17,972
2021-02-18,892
2021-02-19,1037
2021-02-20,1274
2021-02-21,1361
2021-02-22,918
2021-02-23,980
2021-02-24,1014
2021-02-25,1000
2021-02-26,877
2021-02-27,1362
2021-02-28,1345
2021-03-01,1044
2021-03-02,957
2021-03-03,1059
2021-03-04,1017
2021-03-05,1064
2021-03-06,1309
2021-03-07,1319
2021-03-08,1007
2021-03-09,1004
2021-03-10,914
2021-03-11,888
2021-03-12,1152
2021-03-13,1616
2021-03-14,1167
2021-03-15,898
2021-03-16,957
2021-03-17,942
2021-03-18,973
2021-03-19,887
2021-03-20,1293
2021-03-21,1370
2021-03-22,796
2021-03-23,897
2021-03-24,789
2021-03-25,1038
2021-03-26,861
2021-03-27,1314
2021-03-28,1275
2021-03-29,969
2021-03-30,856
2021-03-31,1008
2021-04-01,808
2021-04-02,939
2021-04-03,1427
2021-04-04,1454
2021-04-05,1007
2021-04-06,968
2021-04-07,1062
2021-04-08,1049
2021-04-09,1016
2021-04-10,1442
2021-04-11,1445
2021-04-12,1050
2021-04-13,961
2021-04-14,787
2021-04-15,920
2021-04-16,941
2021-04-17,1312
2021-04-18,1424
2021-04-19,1035
2021-04-20,951
2021-04-21,942
2021-04-22,986
2021-04-23,1044
2021-04-24,1427
2021-04-25,1406
2021-04-26,954
2021-04-27,858
2021-04-28,968
2021-04-29,843
2021-04-30,923
2021-05-01,1400
2021-05-02,1400
2021-05-03,1102
2021-05-04,1164
2021-05-05,942
2021-05-06,978
2021-05-07,1047
2021-05-08,1470
2021-05-09,1344
2021-05-10,984
2021-05-11,865
2021-05-12,803
2021-05-13,998
2021-05-14,893
2021-05-15,1471
2021-05-16,1314
2021-05-17,838
2021-05-18,833
2021-05-19,856
2021-05-20,953
2021-05-21,910
2021-05-22,1475
2021-05-23,1230
2021-05-24,840
2021-05-25,1065
2021-05-26,946
2021-05-27,1038
2021-05-28,1093
2021-05-29,1386
2021-05-30,1360
2021-05-31,966
2021-06-01,1009
2021-06-02,949
2021-06-03,1013
2021-06-04,833
2021-06-05,1183
2021-06-06,1386
2021-06-07,893
2021-06-08,928
2021-06-09,1124
2021-06-10,889
2021-06-11,891
2021-06-12,1260
2021-06-13,1213
2021-06-14,1014
2021-06-15,956
2021-06-16,1051
2021-06-17,878
2021-06-18,990
2021-06-19,1282
2021-06-20,1370
2021-06-21,949
2021-06-22,865
2021-06-23,890
2021-06-24,874
2021-06-25,992
2021-06-26,1381
2021-06-27,1338
2021-06-28,972
2021-06-29,911
2021-06-30,1060
2021-07-01,876
2021-07-02,1007
2021-07-03,1414
2021-07-04,1317
2021-07-05,1009
2021-07-06,872
2021-07-07,889
2021-07-08,888
2021-07-09,1039
2021-07-10,1181
2021-07-11,1500
2021-07-12,1092
2021-07-13,985
2021-07-14,762
2021-07-15,920
2021-07-16,1103
2021-07-17,1231
2021-07-18,1336
2021-07-19,999
2021-07-20,894
2021-07-21,972
2021-07-22,994
2021-07-23,860
2021-07-24,1393
2021-07-25,1409
2021-07-26,1065
2021-07-27,1037
2021-07-28,975
2021-07-29,881
2021-07-30,976
2021-07-31,1372
2021-08-01,1354
2021-08-02,1023
2021-08-03,1028
2021-08-04,779
2021-08-05,988
2021-08-06,1036
2021-08-07,1241
2021-08-08,1168
2021-08-09,937
2021-08-10,1080
2021-08-11,1064
2021-08-12,943
2021-08-13,1066
2021-08-14,1401
2021-08-15,1419
2021-08-16,923
2021-08-17,1003
2021-08-18,890
2021-08-19,929
2021-08-20,1150
2021-08-21,1373
2021-08-22,1318
2021-08-23,972
2021-08-24,1028
2021-08-25,1056
2021-08-26,975
2021-08-27,941
2021-08-28,1286
2021-08-29,1277
2021-08-30,1081
2021-08-31,1045
2021-09-01,975
2021-09-02,1148
2021-09-03,1014
2021-09-04,1455
2021-09-05,1247
2021-09-06,884
2021-09-07,1007
2021-09-08,978
2021-09-09,894
2021-09-10,907
2021-09-11,1310
2021-09-12,1237
2021-09-13,852
2021-09-14,950
2021-09-15,997
2021-09-16,929
2021-09-17,842
2021-09-18,1426
2021-09-19,1120
2021-09-20,890
2021-09-21,812
2021-09-22,984
2021-09-23,905
2021-09-24,1056
2021-09-25,1346
2021-09-26,1293
2021-09-27,1019
2021-09-28,1016
2021-09-29,882
2021-09-30,818
2021-10-01,1064
2021-10-02,1335
2021-10-03,1355
2021-10-04,811
2021-10-05,984
2021-10-06,1040
2021-10-07,1015
2021-10-08,985
2021-10-09,1388
2021-10-10,1400
2021-10-11,958
2021-10-12,887
2021-10-13,1079
2021-10-14,867
2021-10-15,972
2021-10-16,1263
2021-10-17,1435
2021-10-18,929
2021-10-19,983
2021-10-20,977
2021-10-21,957
2021-10-22,841
2021-10-23,1423
2021-10-24,1391
2021-10-25,945
2021-10-26,881
2021-10-27,960
2021-10-28,853
2021-10-29,1034
2021-10-30,1473
2021-10-31,1438
2021-11-01,1546
2021-11-02,1288
2021-11-03,1425
2021-11-04,1379
2021-11-05,1251
2021-11-06,1884
2021-11-07,1828
2021-11-08,1555
2021-11-09,1603
2021-11-10,1539
2021-11-11,1476
2021-11-12,1465
2021-11-13,1597
2021-11-14,1786
2021-11-15,1511
2021-11-16,1285
2021-11-17,1387
2021-11-18,1414
2021-11-19,1397
2021-11-20,1944
2021-11-21,1876
2021-11-22,1197
2021-11-23,1434
2021-11-24,1385
2021-11-25,1348
2021-11-26,1474
2021-11-27,1905
2021-11-28,1879
2021-11-29,1257
2021-11-30,1496
2021-12-01,1441
2021-12-02,1495
2021-12-03,1380
2021-12-04,1904
2021-12-05,1726
2021-12-06,1365
2021-12-07,1353
2021-12-08,1349
2021-12-09,1636
2021-12-10,1253
2021-12-11,1733
2021-12-12,1793
2021-12-13,1435
2021-12-14,1472
2021-12-15,1280
2021-12-16,1451
2021-12-17,1402
2021-12-18,1776
2021-12-19,1730
2021-12-20,1441
2021-12-21,1455
2021-12-22,1471
2021-12-23,1609
2021-12-24,1491
2021-12-25,1771
2021-12-26,1797
2021-12-27,1428
2021-12-28,1353
2021-12-29,1276
2021-12-30,1425
2021-12-31,1349
2022-01-01,1390
2022-01-02,1496
2022-01-03,966
2022-01-04,774
2022-01-05,1019
2022-01-06,1042
2022-01-07,1100
2022-01-08,1286
2022-01-09,1306
2022-01-10,893
2022-01-11,915
2022-01-12,956
2022-01-13,910
2022-01-14,1070
2022-01-15,1302
2022-01-16,1382
2022-01-17,952
2022-01-18,968
2022-01-19,925
2022-01-20,999
2022-01-21,1010
2022-01-22,1331
2022-01-23,1264
2022-01-24,951
2022-01-25,980
2022-01-26,833
2022-01-27,998
2022-01-28,898
2022-01-29,1329
2022-01-30,1380
2022-01-31,1049
2022-02-01,1015
2022-02-02,859
2022-02-03,961
2022-02-04,1020
2022-02-05,1234
2022-02-06,1404
2022-02-07,1030
2022-02-08,877
2022-02-09,981
2022-02-10,941
2022-02-11,992
2022-02-12,1311
2022-02-13,1293
2022-02-14,1029
2022-02-15,910
2022-02-16,920
2022-02-17,949
2022-02-18,891
2022-02-19,1287
2022-02-20,1232
2022-02-21,1033
2022-02-22,912
2022-02-23,1041
2022-02-24,919
2022-02-25,1022
2022-02-26,1294
2022-02-27,1304
2022-02-28,959
2022-03-01,880
2022-03-02,1015
2022-03-03,978
2022-03-04,1014
2022-03-05,1340
2022-03-06,1416
2022-03-07,905
2022-03-08,917
2022-03-09,900
2022-03-10,1090
2022-03-11,911
2022-03-12,1382
2022-03-13,1325
2022-03-14,878
2022-03-15,946
2022-03-16,1017
2022-03-17,984
2022-03-18,1052
2022-03-19,1475
2022-03-20,1517
2022-03-21,924
2022-03-22,924
2022-03-23,924
2022-03-24,1136
2022-03-25,845
2022-03-26,1316
2022-03-27,1289
2022-03-28,995
2022-03-29,1046
2022-03-30,928
2022-03-31,933
2022-04-01,963
2022-04-02,1470
2022-04-03,1333
2022-04-04,942
2022-04-05,1126
2022-04-06,918
2022-04-07,953
2022-04-08,904
2022-04-09,1356
2022-04-10,1204
2022-04-11,893
2022-04-12,1048
2022-04-13,887
2022-04-14,1029
2022-04-15,1013
2022-04-16,1307
2022-04-17,1493
2022-04-18,840
2022-04-19,1042
2022-04-20,986
2022-04-21,903
2022-04-22,1019
2022-04-23,1308
2022-04-24,1244
2022-04-25,811
2022-04-26,1029
2022-04-27,995
2022-04-28,1000
2022-04-29,940
2022-04-30,1323
2022-05-01,1511
2022-05-02,852
2022-05-03,1024
2022-05-04,1100
2022-05-05,1027
2022-05-06,1036
2022-05-07,1408
2022-05-08,1211
2022-05-09,993
2022-05-10,804
2022-05-11,834
2022-05-12,943
2022-05-13,801
2022-05-14,1269
2022-05-15,1350
2022-05-16,952
2022-05-17,1027
2022-05-18,817
2022-05-19,1036
2022-05-20,915
2022-05-21,1383
2022-05-22,1296
2022-05-23,964
2022-05-24,937
2022-05-25,868
2022-05-26,961
2022-05-27,979
2022-05-28,1362
2022-05-29,1308
2022-05-30,967
2022-05-31,935
2022-06-01,845
2022-06-02,986
2022-06-03,1127
2022-06-04,1361
2022-06-05,1384
2022-06-06,826
2022-06-07,987
2022-06-08,792
2022-06-09,1115
2022-06-10,926
2022-06-11,1197
2022-06-12,1423
2022-06-13,849
2022-06-14,987
2022-06-15,740
2022-06-16,828
2022-06-17,996
2022-06-18,1212
2022-06-19,1304
2022-06-20,958
2022-06-21,891
2022-06-22,1061
2022-06-23,1036
2022-06-24,872
2022-06-25,1436
2022-06-26,1203
2022-06-27,977
2022-06-28,1021
2022-06-29,992
2022-06-30,1020
2022-07-01,1034
2022-07-02,1168
2022-07-03,1216
2022-07-04,1082
2022-07-05,1016
2022-07-06,1010
2022-07-07,1121
2022-07-08,1083
2022-07-09,1288
2022-07-10,1294
2022-07-11,794
2022-07-12,981
2022-07-13,913
2022-07-14,896
2022-07-15,991
2022-07-16,1463
2022-07-17,1473
2022-07-18,900
2022-07-19,809
2022-07-20,981
2022-07-21,974
2022-07-22,1007
2022-07-23,1401
2022-07-24,1282
2022-07-25,985
2022-07-26,864
2022-07-27,956
2022-07-28,969
2022-07-29,914
2022-07-30,1399
2022-07-31,1500
2022-08-01,920
2022-08-02,943
2022-08-03,870
2022-08-04,942
2022-08-05,782
2022-08-06,1239
2022-08-07,1264
2022-08-08,935
2022-08-09,1035
2022-08-10,928
2022-08-11,1114
2022-08-12,917
2022-08-13,1286
2022-08-14,1473
2022-08-15,872
2022-08-16,902
2022-08-17,1047
2022-08-18,969
2022-08-19,934
2022-08-20,1232
2022-08-21,1478
2022-08-22,867
2022-08-23,955
2022-08-24,1059
2022-08-25,1017
2022-08-26,963
2022-08-27,1292
2022-08-28,1534
2022-08-29,1073
2022-08-30,919
2022-08-31,1020
2022-09-01,974
2022-09-02,990
2022-09-03,1471
2022-09-04,1443
2022-09-05,860
2022-09-06,832
2022-09-07,851
2022-09-08,871
2022-09-09,951
2022-09-10,1364
2022-09-11,1339
2022-09-12,983
2022-09-13,973
2022-09-14,991
2022-09-15,1048
2022-09-16,1066
2022-09-17,1269
2022-09-18,1165
2022-09-19,999
2022-09-20,987
2022-09-21,818
2022-09-22,1084
2022-09-23,1022
2022-09-24,1543
2022-09-25,1418
2022-09-26,992
2022-09-27,978
2022-09-28,1123
2022-09-29,1050
2022-09-30,878
2022-10-01,1512
2022-10-02,1401
2022-10-03,1108
2022-10-04,929
2022-10-05,979
2022-10-06,1090
2022-10-07,1016
2022-10-08,1402
2022-10-09,1368
2022-10-10,946
2022-10-11,906
2022-10-12,1039
2022-10-13,965
2022-10-14,959
2022-10-15,1246
2022-10-16,1425
2022-10-17,906
2022-10-18,1031
2022-10-19,980
2022-10-20,1101
2022-10-21,924
2022-10-22,1232
2022-10-23,1281
2022-10-24,761
2022-10-25,955
2022-10-26,920
2022-10-27,1041
2022-10-28,807
2022-10-29,1464
2022-10-30,1372
2022-10-31,881
2022-11-01,1451
2022-11-02,1410
2022-11-03,1323
2022-11-04,1289
2022-11-05,1912
2022-11-06,1883
2022-11-07,1575
2022-11-08,1603
2022-11-09,1529
2022-11-10,1323
2022-11-11,1471
2022-11-12,1688
2022-11-13,1744
2022-11-14,1493
2022-11-15,1449
2022-11-16,1557
2022-11-17,1523
2022-11-18,1536
2022-11-19,2065
2022-11-20,2009
2022-11-21,1429
2022-11-22,1422
2022-11-23,1510
2022-11-24,1546
2022-11-25,1466
2022-11-26,1657
2022-11-27,1943
2022-11-28,1351
2022-11-29,1396
2022-11-30,1415
2022-12-01,1497
2022-12-02,1389
2022-12-03,1757
2022-12-04,1750
2022-12-05,1363
2022-12-06,1322
2022-12-07,1506
2022-12-08,1455
2022-12-09,1389
2022-12-10,1952
2022-12-11,1680
2022-12-12,1475
2022-12-13,1418
2022-12-14,1367
2022-12-15,1483
2022-12-16,1317
2022-12-17,1691
2022-12-18,1938
2022-12-19,1294
2022-12-20,1480
2022-12-21,1462
2022-12-22,1361
2022-12-23,1536
2022-12-24,1745
2022-12-25,1722
2022-12-26,1349
2022-12-27,1531
2022-12-28,1520
2022-12-29,1241
2022-12-30,1385
2022-12-31,1786
2023-01-01,1338
2023-01-02,980
2023-01-03,984
2023-01-04,846
2023-01-05,1044
2023-01-06,908
2023-01-07,1337
2023-01-08,1466
2023-01-09,1065
2023-01-10,999
2023-01-11,947
2023-01-12,936
2023-01-13,991
2023-01-14,1229
2023-01-15,1506
2023-01-16,1031
2023-01-17,903
2023-01-18,821
2023-01-19,983
2023-01-20,944
2023-01-21,1396
2023-01-22,1269
2023-01-23,957
2023-01-24,1049
2023-01-25,1065
2023-01-26,865
2023-01-27,1025
2023-01-28,1428
2023-01-29,1439
2023-01-30,932
2023-01-31,942
2023-02-01,1053
2023-02-02,1030
2023-02-03,823
2023-02-04,1364
2023-02-05,1343
2023-02-06,980
2023-02-07,988
2023-02-08,950
2023-02-09,962
2023-02-10,921
2023-02-11,1350
2023-02-12,1341
2023-02-13,970
2023-02-14,903
2023-02-15,1140
2023-02-16,825
2023-02-17,924
2023-02-18,1310
2023-02-19,1288
2023-02-20,896
2023-02-21,1002
2023-02-22,1076
2023-02-23,930
2023-02-24,915
2023-02-25,1467
2023-02-26,1457
2023-02-27,947
2023-02-28,966
2023-03-01,930
2023-03-02,880
2023-03-03,952
2023-03-04,1525
2023-03-05,1330
2023-03-06,954
2023-03-07,938
2023-03-08,701
2023-03-09,1028
2023-03-10,1075
2023-03-11,1451
2023-03-12,1412
2023-03-13,907
2023-03-14,924
2023-03-15,1032
2023-03-16,1037
2023-03-17,824
2023-03-18,1185
2023-03-19,1545
2023-03-20,981
2023-03-21,1039
2023-03-22,853
2023-03-23,1157
2023-03-24,942
2023-03-25,1365
2023-03-26,1469
2023-03-27,952
2023-03-28,927
2023-03-29,802
2023-03-30,879
2023-03-31,865
2023-04-01,1331
2023-04-02,1255
2023-04-03,943
2023-04-04,1024
2023-04-05,765
2023-04-06,1007
2023-04-07,776
2023-04-08,1456
2023-04-09,1291
2023-04-10,921
2023-04-11,996
2023-04-12,933
2023-04-13,1007
2023-04-14,883
2023-04-15,1235
2023-04-16,1269
2023-04-17,887
2023-04-18,903
2023-04-19,937
2023-04-20,958
2023-04-21,953
2023-04-22,1178
2023-04-23,1325
2023-04-24,839
2023-04-25,916
2023-04-26,898
2023-04-27,886
2023-04-28,1009
2023-04-29,1275
2023-04-30,1216
2023-05-01,986
2023-05-02,1038
2023-05-03,1014
2023-05-04,866
2023-05-05,1045
2023-05-06,1393
2023-05-07,1329
2023-05-08,865
2023-05-09,960
2023-05-10,1097
2023-05-11,983
2023-05-12,1030
2023-05-13,1431
2023-05-14,1419
2023-05-15,1027
2023-05-16,1017
2023-05-17,882
2023-05-18,910
2023-05-19,861
2023-05-20,1445
2023-05-21,1183
2023-05-22,866
2023-05-23,1060
2023-05-24,863
2023-05-25,1173
2023-05-26,1031
2023-05-27,1251
2023-05-28,1450
2023-05-29,971
2023-05-30,1019
2023-05-31,848
2023-06-01,969
2023-06-02,972
2023-06-03,1464
2023-06-04,1188
2023-06-05,912
2023-06-06,952
2023-06-07,1076
2023-06-08,825
2023-06-09,989
2023-06-10,1386
2023-06-11,1387
2023-06-12,1008
2023-06-13,986
2023-06-14,1005
2023-06-15,1037
2023-06-16,846
2023-06-17,1295
2023-06-18,1333
2023-06-19,942
2023-06-20,777
2023-06-21,913
2023-06-22,925
2023-06-23,1083
2023-06-24,1340
2023-06-25,1470
2023-06-26,989
2023-06-27,951
2023-06-28,997
2023-06-29,924
2023-06-30,916
2023-07-01,1469
2023-07-02,1334
2023-07-03,866
2023-07-04,869
2023-07-05,1009
2023-07-06,961
2023-07-07,940
2023-07-08,1210
2023-07-09,1252
2023-07-10,1137
2023-07-11,993
2023-07-12,970
2023-07-13,875
2023-07-14,1167
2023-07-15,1485
2023-07-16,1377
2023-07-17,1010
2023-07-18,1029
2023-07-19,881
2023-07-20,954
2023-07-21,865
2023-07-22,1379
2023-07-23,1461
2023-07-24,1039
2023-07-25,833
2023-07-26,1111
2023-07-27,1007
2023-07-28,1026
2023-07-29,1425
2023-07-30,1224
2023-07-31,1094
2023-08-01,979
2023-08-02,1056
2023-08-03,900
2023-08-04,1094
2023-08-05,1347
2023-08-06,1532
2023-08-07,964
2023-08-08,797
2023-08-09,976
2023-08-10,898
2023-08-11,951
2023-08-12,1307
2023-08-13,1238
2023-08-14,828
2023-08-15,971
2023-08-16,919
2023-08-17,1026
2023-08-18,1084
2023-08-19,1309
2023-08-20,1480
2023-08-21,1074
2023-08-22,1016
2023-08-23,887
2023-08-24,945
2023-08-25,1021
2023-08-26,1462
2023-08-27,1425
2023-08-28,1041
2023-08-29,964
2023-08-30,964
2023-08-31,884
2023-09-01,833
2023-09-02,1275
2023-09-03,1277
2023-09-04,901
2023-09-05,956
2023-09-06,1014
2023-09-07,798
2023-09-08,941
2023-09-09,1236
2023-09-10,1346
2023-09-11,1005
2023-09-12,910
2023-09-13,985
2023-09-14,905
2023-09-15,959
2023-09-16,1425
2023-09-17,1271
2023-09-18,966
2023-09-19,997
2023-09-20,830
2023-09-21,980
2023-09-22,890
2023-09-23,1407
2023-09-24,1409
2023-09-25,1054
2023-09-26,988
2023-09-27,1035
2023-09-28,957
2023-09-29,767
2023-09-30,1349
2023-10-01,1307
2023-10-02,930
2023-10-03,1017
2023-10-04,1083
2023-10-05,985
2023-10-06,776
2023-10-07,1241
2023-10-08,1329
2023-10-09,1029
2023-10-10,869
2023-10-11,1031
2023-10-12,1089
2023-10-13,940
2023-10-14,1402
2023-10-15,1463
2023-10-16,1040
2023-10-17,1084
2023-10-18,1068
2023-10-19,1157
2023-10-20,768
2023-10-21,1510
2023-10-22,1524
2023-10-23,979
2023-10-24,844
2023-10-25,854
2023-10-26,1101
2023-10-27,1062
2023-10-28,1599
2023-10-29,1445
2023-10-30,1132
2023-10-31,1062
2023-11-01,1407
2023-11-02,1413
2023-11-03,1647
2023-11-04,2103
2023-11-05,1869
2023-11-06,1249
2023-11-07,1274
2023-11-08,1628
2023-11-09,1500
2023-11-10,1411
2023-11-11,1802
2023-11-12,1773
2023-11-13,1464
2023-11-14,1314
2023-11-15,1282
2023-11-16,1602
2023-11-17,1557
2023-11-18,1971
2023-11-19,1679
2023-11-20,1350
2023-11-21,1290
2023-11-22,1208
2023-11-23,1557
2023-11-24,1459
2023-11-25,1767
2023-11-26,1836
2023-11-27,1532
2023-11-28,1303
2023-11-29,1270
2023-11-30,1489
2023-12-01,1451
2023-12-02,1834
2023-12-03,1722
2023-12-04,1526
2023-12-05,1341
2023-12-06,1295
2023-12-07,1390
2023-12-08,1295
2023-12-09,1816
2023-12-10,1781
2023-12-11,1294
2023-12-12,1450
2023-12-13,1496
2023-12-14,1320
2023-12-15,1407
2023-12-16,1778
2023-12-17,1977
2023-12-18,1390
2023-12-19,1425
2023-12-20,1502
2023-12-21,1401
2023-12-22,1445
2023-12-23,1710
2023-12-24,1844
2023-12-25,1400
2023-12-26,1406
2023-12-27,1322
2023-12-28,1184
2023-12-29,1455
2023-12-30,1917
2023-12-31,1893
2024-01-01,984
2024-01-02,913
2024-01-03,892
2024-01-04,855
2024-01-05,1038
2024-01-06,1312
2024-01-07,1297
2024-01-08,925
2024-01-09,899
2024-01-10,964
2024-01-11,910
2024-01-12,1050
2024-01-13,1441
2024-01-14,1389
2024-01-15,909
2024-01-16,1137
2024-01-17,912
2024-01-18,842
2024-01-19,1017
2024-01-20,1257
2024-01-21,1366
2024-01-22,1010
2024-01-23,1097
2024-01-24,1026
2024-01-25,965
2024-01-26,992
2024-01-27,1260
2024-01-28,1361
2024-01-29,1015
2024-01-30,844
2024-01-31,898
2024-02-01,1005
2024-02-02,992
2024-02-03,1442
2024-02-04,1318
2024-02-05,938
2024-02-06,844
2024-02-07,1081
2024-02-08,899
2024-02-09,873
2024-02-10,1458
2024-02-11,1475
2024-02-12,865
2024-02-13,859
2024-02-14,956
2024-02-15,979
2024-02-16,962
2024-02-17,1389
2024-02-18,1250
2024-02-19,982
2024-02-20,832
2024-02-21,803
2024-02-22,1000
2024-02-23,1027
2024-02-24,1502
2024-02-25,1332
2024-02-26,855
2024-02-27,960
2024-02-28,923
2024-02-29,967
2024-03-01,1051
2024-03-02,1560
2024-03-03,1213
2024-03-04,1015
2024-03-05,931
2024-03-06,978
2024-03-07,811
2024-03-08,1023
2024-03-09,1290
2024-03-10,1310
2024-03-11,1183
2024-03-12,949
2024-03-13,996
2024-03-14,1040
2024-03-15,869
2024-03-16,1318
2024-03-17,1426
2024-03-18,1072
2024-03-19,871
2024-03-20,929
2024-03-21,1063
2024-03-22,945
2024-03-23,1509
2024-03-24,1340
2024-03-25,817
2024-03-26,835
2024-03-27,1035
2024-03-28,891
2024-03-29,841
2024-03-30,1200
2024-03-31,1374
2024-04-01,977
2024-04-02,983
2024-04-03,1024
2024-04-04,898
2024-04-05,932
2024-04-06,1485
2024-04-07,1470
2024-04-08,964
2024-04-09,919
2024-04-10,1015
2024-04-11,866
2024-04-12,1000
2024-04-13,1375
2024-04-14,1484
2024-04-15,1067
2024-04-16,935
2024-04-17,951
2024-04-18,777
2024-04-19,976
2024-04-20,1349
2024-04-21,1427
2024-04-22,955
2024-04-23,1007
2024-04-24,904
2024-04-25,1013
2024-04-26,903
2024-04-27,1343
2024-04-28,1302
2024-04-29,929
2024-04-30,1076
2024-05-01,835
2024-05-02,997
2024-05-03,1000
2024-05-04,1309
2024-05-05,1249
2024-05-06,1045
2024-05-07,808
2024-05-08,1059
2024-05-09,1067
2024-05-10,1021
2024-05-11,1218
2024-05-12,1254
2024-05-13,913
2024-05-14,840
2024-05-15,1042
2024-05-16,886
2024-05-17,1045
2024-05-18,1289
2024-05-19,1418
2024-05-20,1081
2024-05-21,993
2024-05-22,1013
2024-05-23,1026
2024-05-24,845
2024-05-25,1213
2024-05-26,1496
2024-05-27,904
2024-05-28,843
2024-05-29,1054
2024-05-30,1065
2024-05-31,1019
2024-06-01,1351
2024-06-02,1373
2024-06-03,988
2024-06-04,910
2024-06-05,1056
2024-06-06,1050
2024-06-07,1099
2024-06-08,1378
2024-06-09,1566
2024-06-10,950
2024-06-11,1122
2024-06-12,992
2024-06-13,943
2024-06-14,1052
2024-06-15,1379
2024-06-16,1366
2024-06-17,936
2024-06-18,941
2024-06-19,946
2024-06-20,895
2024-06-21,992
2024-06-22,1405
2024-06-23,1363
2024-06-24,1055
2024-06-25,1042
2024-06-26,919
2024-06-27,894
2024-06-28,1064
2024-06-29,1430
2024-06-30,1222
2024-07-01,1006
2024-07-02,1196
2024-07-03,1060
2024-07-04,974
2024-07-05,1065
2024-07-06,1356
2024-07-07,1441
2024-07-08,801
2024-07-09,900
2024-07-10,908
2024-07-11,974
2024-07-12,837
2024-07-13,1344
2024-07-14,1309
2024-07-15,1020
2024-07-16,1053
2024-07-17,850
2024-07-18,972
2024-07-19,782
2024-07-20,1511
2024-07-21,1378
2024-07-22,1102
2024-07-23,962
2024-07-24,1092
2024-07-25,941
2024-07-26,895
2024-07-27,1134
2024-07-28,1367
2024-07-29,1022
2024-07-30,1045
2024-07-31,1039
2024-08-01,998
2024-08-02,1061
2024-08-03,1338
2024-08-04,1493
2024-08-05,967
2024-08-06,820
2024-08-07,1023
2024-08-08,936
2024-08-09,959
2024-08-10,1294
2024-08-11,1458
2024-08-12,911
2024-08-13,796
2024-08-14,955
2024-08-15,982
2024-08-16,985
2024-08-17,1392
2024-08-18,1248
2024-08-19,866
2024-08-20,1068
2024-08-21,864
2024-08-22,858
2024-08-23,1035
2024-08-24,1273
2024-08-25,1294
2024-08-26,994
2024-08-27,1058
2024-08-28,805
2024-08-29,1029
2024-08-30,888
2024-08-31,1415
2024-09-01,1461
2024-09-02,1011
2024-09-03,958
2024-09-04,983
2024-09-05,904
2024-09-06,989
2024-09-07,1368
2024-09-08,1541
2024-09-09,1014
2024-09-10,831
2024-09-11,884
2024-09-12,843
2024-09-13,1035
2024-09-14,1219
2024-09-15,1426
2024-09-16,954
2024-09-17,1084
2024-09-18,1104
2024-09-19,1108
2024-09-20,890
2024-09-21,1409
2024-09-22,1192
2024-09-23,958
2024-09-24,843
2024-09-25,886
2024-09-26,923
2024-09-27,886
2024-09-28,1401
2024-09-29,1328
2024-09-30,786
2024-10-01,974
2024-10-02,985
2024-10-03,923
2024-10-04,910
2024-10-05,1265
2024-10-06,1262
2024-10-07,867
2024-10-08,1018
2024-10-09,1050
2024-10-10,862
2024-10-11,1111
2024-10-12,1176
2024-10-13,1329
2024-10-14,1026
2024-10-15,1017
2024-10-16,960
2024-10-17,971
2024-10-18,1046
2024-10-19,1422
2024-10-20,1346
2024-10-21,1084
2024-10-22,885
2024-10-23,1017
2024-10-24,942
2024-10-25,913
2024-10-26,1385
2024-10-27,1417
2024-10-28,988
2024-10-29,964
2024-10-30,1002
2024-10-31,954
2024-11-01,1629
2024-11-02,1740
2024-11-03,1880
2024-11-04,1559
2024-11-05,1358
2024-11-06,1498
2024-11-07,1299
2024-11-08,1456
2024-11-09,1719
2024-11-10,1804
2024-11-11,1403
2024-11-12,1438
2024-11-13,1478
2024-11-14,1472
2024-11-15,1411
2024-11-16,1882
2024-11-17,1914
2024-11-18,1251
2024-11-19,1437
2024-11-20,1398
2024-11-21,1485
2024-11-22,1456
2024-11-23,1661
2024-11-24,1772
2024-11-25,1458
2024-11-26,1518
2024-11-27,1491
2024-11-28,1444
2024-11-29,1442
2024-11-30,1924
2024-12-01,1753
2024-12-02,1250
2024-12-03,1544
2024-12-04,1522
2024-12-05,1610
2024-12-06,1402
2024-12-07,1808
2024-12-08,1736
2024-12-09,1473
2024-12-10,1587
2024-12-11,1485
2024-12-12,1333
2024-12-13,1366
2024-12-14,1908
2024-12-15,1813
2024-12-16,1383
2024-12-17,1599
2024-12-18,1492
2024-12-19,1330
2024-12-20,1298
2024-12-21,1953
2024-12-22,1927
2024-12-23,1618
2024-12-24,1746
2024-12-25,1498
2024-12-26,1290
2024-12-27,1326
2024-12-28,1930
2024-12-29,1854
2024-12-30,1321
2024-12-31,1479
