forecast_date,predicted_demand,model_name,mae,mape
2024-01-01,1472.467737304855,ARIMA,433.57,42.4643
2024-01-02,1455.3309741516505,ARIMA,433.57,42.4643
2024-01-03,1457.6527400535194,ARIMA,433.57,42.4643
2024-01-04,1351.3281611527698,ARIMA,433.57,42.4643
2024-01-05,1503.955999789808,ARIMA,433.57,42.4643
2024-01-06,1836.245235847036,ARIMA,433.57,42.4643
2024-01-07,1830.9622844087005,ARIMA,433.57,42.4643
2024-01-08,1582.8650672926633,ARIMA,433.57,42.4643
2024-01-09,1443.399055658892,ARIMA,433.57,42.4643
2024-01-10,1394.0566213501816,ARIMA,433.57,42.4643
2024-01-11,1383.2140693700658,ARIMA,433.57,42.4643
2024-01-12,1550.5159644175192,ARIMA,433.57,42.4643
2024-01-13,1787.5078254380485,ARIMA,433.57,42.4643
2024-01-14,1807.718282879346,ARIMA,433.57,42.4643
2024-01-15,1622.3982077519752,ARIMA,433.57,42.4643
2024-01-16,1447.774232269706,ARIMA,433.57,42.4643
2024-01-17,1366.4722660214209,ARIMA,433.57,42.4643
2024-01-18,1397.4687998312234,ARIMA,433.57,42.4643
2024-01-19,1569.8071610418845,ARIMA,433.57,42.4643
2024-01-20,1766.3822260953682,ARIMA,433.57,42.4643
2024-01-21,1793.3915586895066,ARIMA,433.57,42.4643
2024-01-22,1638.6384499521682,ARIMA,433.57,42.4643
2024-01-23,1452.777024113572,ARIMA,433.57,42.4643
2024-01-24,1357.3898822432297,ARIMA,433.57,42.4643
2024-01-25,1403.8287893939046,ARIMA,433.57,42.4643
2024-01-26,1577.7779292436323,ARIMA,433.57,42.4643
2024-01-27,1755.5444785936884,ARIMA,433.57,42.4643
2024-01-28,1784.3759101269213,ARIMA,433.57,42.4643
2024-01-29,1644.8807185101873,ARIMA,433.57,42.4643
2024-01-30,1457.342770597477,ARIMA,433.57,42.4643
2024-01-31,1356.1306840852492,ARIMA,433.57,42.4643
2024-02-01,1407.5203173544414,ARIMA,433.57,42.4643
2024-02-02,1580.5671082228912,ARIMA,433.57,42.4643
2024-02-03,1748.8119204153986,ARIMA,433.57,42.4643
2024-02-04,1778.035062929791,ARIMA,433.57,42.4643
2024-02-05,1647.0155964341375,ARIMA,433.57,42.4643
2024-02-06,1461.3042691829535,ARIMA,433.57,42.4643
2024-02-07,1358.1821529698598,ARIMA,433.57,42.4643
2024-02-08,1410.3268188055124,ARIMA,433.57,42.4643
2024-02-09,1581.059275476054,ARIMA,433.57,42.4643
2024-02-10,1743.7093308625183,ARIMA,433.57,42.4643
2024-02-11,1773.0310973652445,ARIMA,433.57,42.4643
2024-02-12,1647.470603862596,ARIMA,433.57,42.4643
2024-02-13,1464.8132084943823,ARIMA,433.57,42.4643
2024-02-14,1361.5897257936135,ARIMA,433.57,42.4643
2024-02-15,1412.856838250991,ARIMA,433.57,42.4643
2024-02-16,1580.5580292608238,ARIMA,433.57,42.4643
2024-02-17,1739.2758007652324,ARIMA,433.57,42.4643
2024-02-18,1768.69654390424,ARIMA,433.57,42.4643
2024-02-19,1647.2438001056012,ARIMA,433.57,42.4643
2024-02-20,1468.0234314808936,ARIMA,433.57,42.4643
2024-02-21,1365.518293489337,ARIMA,433.57,42.4643
2024-02-22,1415.3015340662039,ARIMA,433.57,42.4643
2024-02-23,1579.6461884617845,ARIMA,433.57,42.4643
2024-02-24,1735.1436121787278,ARIMA,433.57,42.4643
2024-02-25,1764.7086571581738,ARIMA,433.57,42.4643
2024-02-26,1646.7411779036959,ARIMA,433.57,42.4643
2024-02-27,1471.0383653399167,ARIMA,433.57,42.4643
2024-02-28,1369.6146195151384,ARIMA,433.57,42.4643
2024-02-29,1417.7130682788552,ARIMA,433.57,42.4643
2024-03-01,1578.5809246983092,ARIMA,433.57,42.4643
2024-03-02,1731.1745045939333,ARIMA,433.57,42.4643
2024-03-03,1760.9145973265513,ARIMA,433.57,42.4643
2024-03-04,1646.1262579707488,ARIMA,433.57,42.4643
2024-03-05,1473.9182300040322,ARIMA,433.57,42.4643
2024-03-06,1373.7311678672008,ARIMA,433.57,42.4643
2024-03-07,1420.1011937600267,ARIMA,433.57,42.4643
2024-03-08,1577.4741526156465,ARIMA,433.57,42.4643
2024-03-09,1727.3172549907463,ARIMA,433.57,42.4643
2024-03-10,1757.2430196150476,ARIMA,433.57,42.4643
2024-03-11,1645.4642782051446,ARIMA,433.57,42.4643
2024-03-12,1476.6958326360686,ARIMA,433.57,42.4643
2024-03-13,1377.8074106927581,ARIMA,433.57,42.4643
2024-03-14,1422.464855251922,ARIMA,433.57,42.4643
2024-03-15,1576.3737106679728,ARIMA,433.57,42.4643
2024-03-16,1723.5528815578134,ARIMA,433.57,42.4643
2024-03-17,1753.6608359834315,ARIMA,433.57,42.4643
2024-03-18,1644.7810903031575,ARIMA,433.57,42.4643
2024-03-19,1479.3885931068799,ARIMA,433.57,42.4643
2024-03-20,1381.8192844902778,ARIMA,433.57,42.4643
2024-03-21,1424.8014980186256,ARIMA,433.57,42.4643
2024-03-22,1575.2994678805571,ARIMA,433.57,42.4643
2024-03-23,1719.873985334772,ARIMA,433.57,42.4643
2024-03-24,1750.1526086400006,ARIMA,433.57,42.4643
2024-03-25,1644.0869583377564,ARIMA,433.57,42.4643
2024-03-26,1482.00585729986,ARIMA,433.57,42.4643
2024-03-27,1385.7578583824804,ARIMA,433.57,42.4643
2024-03-28,1427.109245435481,ARIMA,433.57,42.4643
2024-03-29,1574.2592107036394,ARIMA,433.57,42.4643
2024-03-30,1716.2771611368023,ARIMA,433.57,42.4643
2024-03-31,1746.7109269872462,ARIMA,433.57,42.4643
2024-04-01,1643.386061776923,ARIMA,433.57,42.4643
2024-04-02,1484.5529093579191,ARIMA,433.57,42.4643
2024-04-03,1389.62041240214,ARIMA,433.57,42.4643
2024-04-04,1429.387063800278,ARIMA,433.57,42.4643
2024-04-05,1573.2555634664066,ARIMA,433.57,42.4643
2024-04-06,1712.7603044227944,ARIMA,433.57,42.4643
2024-04-07,1743.3319882952396,ARIMA,433.57,42.4643
2024-04-08,1642.6802397845388,ARIMA,433.57,42.4643
2024-04-09,1487.033044334355,ARIMA,433.57,42.4643
2024-04-10,1393.4067407691043,ARIMA,433.57,42.4643
2024-04-11,1431.6345099292755,ARIMA,433.57,42.4643
2024-04-12,1572.2889743752155,ARIMA,433.57,42.4643
2024-04-13,1709.321701840698,ARIMA,433.57,42.4643
2024-04-14,1740.0135968327888,ARIMA,433.57,42.4643
2024-04-15,1641.9704439517639,ARIMA,433.57,42.4643
2024-04-16,1489.4485968742931,ARIMA,433.57,42.4643
2024-04-17,1397.117635128681,ARIMA,433.57,42.4643
2024-04-18,1433.8514883794444,ARIMA,433.57,42.4643
2024-04-19,1571.3589919608978,ARIMA,433.57,42.4643
2024-04-20,1705.9597474048117,ARIMA,433.57,42.4643
2024-04-21,1736.7542691724034,ARIMA,433.57,42.4643
2024-04-22,1641.2572917370555,ARIMA,433.57,42.4643
2024-04-23,1491.8014372601456,ARIMA,433.57,42.4643
2024-04-24,1400.7542688035696,ARIMA,433.57,42.4643
2024-04-25,1436.0380918015949,ARIMA,433.57,42.4643
2024-04-26,1570.4648056344924,ARIMA,433.57,42.4643
2024-04-27,1702.6728661808913,ARIMA,433.57,42.4643
2024-04-28,1733.5528385543578,ARIMA,433.57,42.4643
2024-04-29,1640.5412726801092,ARIMA,433.57,42.4643
2024-04-30,1494.0932054786645,ARIMA,433.57,42.4643
2024-05-01,1404.3179497833726,ARIMA,433.57,42.4643
2024-05-02,1438.1945097437826,ARIMA,433.57,42.4643
2024-05-03,1569.6054723381092,ARIMA,433.57,42.4643
2024-05-04,1699.4595006822738,ARIMA,433.57,42.4643
2024-05-05,1730.4082816963871,ARIMA,433.57,42.4643
2024-05-06,1639.822823150751,ARIMA,433.57,42.4643
2024-05-07,1496.3254198747015,ARIMA,433.57,42.4643
2024-05-08,1407.8100230235343,ARIMA,433.57,42.4643
2024-05-09,1440.3209802979336,ARIMA,433.57,42.4643
2024-05-10,1568.7800104949902,ARIMA,433.57,42.4643
2024-05-11,1696.3181129062782,ARIMA,433.57,42.4643
2024-05-12,1727.3196436745395,ARIMA,433.57,42.4643
2024-05-13,1639.1023525325197,ARIMA,433.57,42.4643
2024-05-14,1498.499527023084,ARIMA,433.57,42.4643
2024-05-15,1411.2318325008514,ARIMA,433.57,42.4643
2024-05-16,1442.4177656114875,ARIMA,433.57,42.4643
2024-05-17,1567.9874383696142,ARIMA,433.57,42.4643
2024-05-18,1693.247188304007,ARIMA,433.57,42.4643
2024-05-19,1724.286005605757,ARIMA,433.57,42.4643
2024-05-20,1638.380252037223,ARIMA,433.57,42.4643
2024-05-21,1500.6169245182293,ARIMA,433.57,42.4643
2024-05-22,1414.5847068721002,ARIMA,433.57,42.4643
2024-05-23,1444.4851398461233,ARIMA,433.57,42.4643
2024-05-24,1567.2267893592646,ARIMA,433.57,42.4643
2024-05-25,1690.2452385740983,ARIMA,433.57,42.4643
2024-05-26,1721.3064708328843,ARIMA,433.57,42.4643
2024-05-27,1637.6568975834427,ARIMA,433.57,42.4643
2024-05-28,1502.6789714638846,ARIMA,433.57,42.4643
2024-05-29,1417.8699543141547,ARIMA,433.57,42.4643
2024-05-30,1446.5233833562668,ARIMA,433.57,42.4643
2024-05-31,1566.4971178091619,ARIMA,433.57,42.4643
2024-06-01,1687.3108031194702,ARIMA,433.57,42.4643
2024-06-02,1718.3801590345736,ARIMA,433.57,42.4643
2024-06-03,1636.9326507825808,ARIMA,433.57,42.4643
2024-06-04,1504.686993443648,ARIMA,433.57,42.4643
2024-06-05,1421.0888608702428,ARIMA,433.57,42.4643
2024-06-06,1448.5327798828687,ARIMA,433.57,42.4643
2024-06-07,1565.7975009790648,ARIMA,433.57,42.4643
2024-06-08,1684.4424495900978,ARIMA,433.57,42.4643
2024-06-09,1715.5062036989036,ARIMA,433.57,42.4643
2024-06-10,1636.207859390813,ARIMA,433.57,42.4643
2024-06-11,1506.6422850391025,ARIMA,433.57,42.4643
2024-06-12,1424.2426901038305,ARIMA,433.57,42.4643
2024-06-13,1450.5136151766421,ARIMA,433.57,42.4643
2024-06-14,1565.127039468849,ARIMA,433.57,42.4643
2024-06-15,1681.6387738978333,ARIMA,433.57,42.4643
2024-06-16,1712.6837510117375,ARIMA,433.57,42.4643
2024-06-17,1635.482857646845,ARIMA,433.57,42.4643
2024-06-18,1508.5461112657003,ARIMA,433.57,42.4643
2024-06-19,1427.3326832244345,ARIMA,433.57,42.4643
2024-06-20,1452.4661762880467,ARIMA,433.57,42.4643
2024-06-21,1564.4848570392303,ARIMA,433.57,42.4643
2024-06-22,1678.8983999530376,ARIMA,433.57,42.4643
2024-06-23,1709.9119593344972,ARIMA,433.57,42.4643
2024-06-24,1634.757966605837,ARIMA,433.57,42.4643
2024-06-25,1510.399708531797,ARIMA,433.57,42.4643
2024-06-26,1430.3600593751082,ARIMA,433.57,42.4643
2024-06-27,1454.3907511651555,ARIMA,433.57,42.4643
2024-06-28,1563.8701002030282,ARIMA,433.57,42.4643
2024-06-29,1676.2199792644287,ARIMA,433.57,42.4643
2024-06-30,1707.189998925007,ARIMA,433.57,42.4643
2024-07-01,1634.0334944872604,ARIMA,433.57,42.4643
2024-07-02,1512.2042853856956,ARIMA,433.57,42.4643
2024-07-03,1433.3260159699364,ARIMA,433.57,42.4643
2024-07-04,1456.2876283935154,ARIMA,433.57,42.4643
2024-07-05,1563.281937735498,ARIMA,433.57,42.4643
2024-07-06,1673.6021904765705,ARIMA,433.57,42.4643
2024-07-07,1704.5170517574222,ARIMA,433.57,42.4643
2024-07-08,1633.3097370319285,ARIMA,433.57,42.4643
2024-07-09,1513.9610231655238,ARIMA,433.57,42.4643
2024-07-10,1436.2317290430603,ARIMA,433.57,42.4643
2024-07-11,1458.1570970024113,ARIMA,433.57,42.4643
2024-07-12,1562.7195601615483,ARIMA,433.57,42.4643
2024-07-13,1671.0437388823593,ARIMA,433.57,42.4643
2024-07-14,1701.8923113819676,ARIMA,433.57,42.4643
2024-07-15,1632.5869778610602,ARIMA,433.57,42.4643
2024-07-16,1515.6710766013405,ARIMA,433.57,42.4643
2024-07-17,1439.0783535968349,ARIMA,433.57,42.4643
2024-07-18,1459.9994463034855,ARIMA,433.57,42.4643
2024-07-19,1562.1821792418602,ARIMA,433.57,42.4643
2024-07-20,1668.543355928614,ARIMA,433.57,42.4643
2024-07-21,1699.3149828003618,ARIMA,433.57,42.4643
2024-07-22,1631.865488832288,ARIMA,433.57,42.4643
2024-07-23,1517.3355743906095,ARIMA,433.57,42.4643
2024-07-24,1441.8670239455917,ARIMA,433.57,42.4643
2024-07-25,1461.814965746511,ARIMA,433.57,42.4643
2024-07-26,1561.6690274660334,ARIMA,433.57,42.4643
2024-07-27,1666.0997987232977,ARIMA,433.57,42.4643
2024-07-28,1696.7842823472338,ARIMA,433.57,42.4643
2024-07-29,1631.1455303896691,ARIMA,433.57,42.4643
2024-07-30,1518.9556197560692,ARIMA,433.57,42.4643
2024-07-31,1444.5988540542699,ARIMA,433.57,42.4643
2024-08-01,1463.6039447855503,ARIMA,433.57,42.4643
2024-08-02,1561.1793575555687,ARIMA,433.57,42.4643
2024-08-03,1663.7118495482616,ARIMA,433.57,42.4643
2024-08-04,1694.2994375737053,ARIMA,433.57,42.4643
2024-08-05,1630.4273519062021,ARIMA,433.57,42.4643
2024-08-06,1520.5322909898905,ARIMA,433.57,42.4643
2024-08-07,1447.2749378719363,ARIMA,433.57,42.4643
2024-08-08,1465.366672752462,ARIMA,433.57,42.4643
2024-08-09,1560.712441977519,ARIMA,433.57,42.4643
2024-08-10,1661.3783153792124,ARIMA,433.57,42.4643
2024-08-11,1691.8596871316727,ARIMA,433.57,42.4643
2024-08-12,1629.7111920181896,ARIMA,433.57,42.4643
2024-08-13,1522.0666419858635,ARIMA,433.57,42.4643
2024-08-14,1449.8963496603742,ARIMA,433.57,42.4643
2024-08-15,1467.1034387363695,ARIMA,433.57,42.4643
2024-08-16,1560.267572468938,ARIMA,433.57,42.4643
2024-08-17,1659.0980274136043,ARIMA,433.57,42.4643
2024-08-18,1689.4642806582585,ARIMA,433.57,42.4643
2024-08-19,1628.9972789512271,ARIMA,433.57,42.4643
2024-08-20,1523.559702760439,ARIMA,433.57,42.4643
2024-08-21,1452.4641443178884,ARIMA,433.57,42.4643
2024-08-22,1468.814531468411,ARIMA,433.57,42.4643
2024-08-23,1559.8440595720035,ARIMA,433.57,42.4643
2024-08-24,1656.8698406066849,ARIMA,433.57,42.4643
2024-08-25,1687.1124786602613,ARIMA,433.57,42.4643
2024-08-26,1628.2858308378145,ARIMA,433.57,42.4643
2024-08-27,1525.0124799630826,ARIMA,433.57,42.4643
2024-08-28,1454.9793576984455,ARIMA,433.57,42.4643
2024-08-29,1470.5002392113972,ARIMA,433.57,42.4643
2024-08-30,1559.4412321796142,ARIMA,433.57,42.4643
2024-08-31,1654.6926332157227,ARIMA,433.57,42.4643
2024-09-01,1684.80355239858,ARIMA,433.57,42.4643
2024-09-02,1627.577056026703,ARIMA,433.57,42.4643
2024-09-03,1526.4259573762483,ARIMA,433.57,42.4643
2024-09-04,1457.4430069262346,ARIMA,433.57,42.4643
2024-09-05,1472.160849654149,ARIMA,433.57,42.4643
2024-09-06,1559.0584370912445,ARIMA,433.57,42.4643
2024-09-07,1652.5653063523569,ARIMA,433.57,42.4643
2024-09-08,1682.5367837726328,ARIMA,433.57,42.4643
2024-09-09,1626.8711533841292,ARIMA,433.57,42.4643
2024-09-10,1527.8010964052012,ARIMA,433.57,42.4643
2024-09-11,1459.856090705712,ARIMA,433.57,42.4643
2024-09-12,1473.7966498103267,ARIMA,433.57,42.4643
2024-09-13,1558.695038578835,ARIMA,433.57,42.4643
2024-09-14,1650.4867835429575,ARIMA,433.57,42.4643
2024-09-15,1680.3114652048116,ARIMA,433.57,42.4643
2024-09-16,1626.1683125871107,ARIMA,433.57,42.4643
2024-09-17,1529.138836557903,ARIMA,433.57,42.4643
2024-09-18,1462.2195896271885,ARIMA,433.57,42.4643
2024-09-19,1475.4079259216094,ARIMA,433.57,42.4643
2024-09-20,1558.3504179625052,ARIMA,433.57,42.4643
2024-09-21,1648.4560102968894,ARIMA,433.57,42.4643
2024-09-22,1678.1268995250182,ARIMA,433.57,42.4643
2024-09-23,1625.468714408989,ARIMA,433.57,42.4643
2024-09-24,1530.4400959151558,ARIMA,433.57,42.4643
2024-09-25,1464.5344664680097,ARIMA,433.57,42.4643
2024-09-26,1476.9949633650788,ARIMA,433.57,42.4643
2024-09-27,1558.0239731958736,ARIMA,433.57,42.4643
2024-09-28,1646.4719536825455,ARIMA,433.57,42.4643
2024-09-29,1675.9823998553259,ARIMA,433.57,42.4643
2024-09-30,1624.7725309973985,ARIMA,433.57,42.4643
2024-10-01,1531.7057715911906,ARIMA,433.57,42.4643
2024-10-02,1466.8016664893776,ARIMA,433.57,42.4643
2024-10-03,1478.5580465646833,ARIMA,433.57,42.4643
2024-10-04,1557.7151184607853,ARIMA,433.57,42.4643
2024-10-05,1644.5336019110298,ARIMA,433.57,42.4643
2024-10-06,1673.8772894948138,ARIMA,433.57,42.4643
2024-10-07,1624.0799261448471,ARIMA,433.57,42.4643
2024-10-08,1532.9367401848883,ARIMA,433.57,42.4643
2024-10-09,1469.022117728861,ARIMA,433.57,42.4643
2024-10-10,1480.0974589066518,ARIMA,433.57,42.4643
2024-10-11,1557.423283771239,ARIMA,433.57,42.4643
2024-10-12,1642.6399639273636,ARIMA,433.57,42.4643
2024-10-13,1671.8109018046148,ARIMA,433.57,42.4643
2024-10-14,1623.3910555520831,ARIMA,433.57,42.4643
2024-10-15,1534.1338582218093,ARIMA,433.57,42.4643
2024-10-16,1471.1967312886413,ARIMA,433.57,42.4643
2024-10-17,1481.6134826587363,ARIMA,433.57,42.4643
2024-10-18,1557.1479145863198,ARIMA,433.57,42.4643
2024-10-19,1640.7900690090896,ARIMA,433.57,42.4643
2024-10-20,1669.782580093218,ARIMA,433.57,42.4643
2024-10-21,1622.7060670844237,ARIMA,433.57,42.4643
2024-10-22,1535.297962587212,ARIMA,433.57,42.4643
2024-10-23,1473.3264016195392,ARIMA,433.57,42.4643
2024-10-24,1483.1063988931667,ARIMA,433.57,42.4643
2024-10-25,1556.8884714319431,ARIMA,433.57,42.4643
2024-10-26,1638.9829663721507,ARIMA,433.57,42.4643
2024-10-27,1667.791677502065,ARIMA,433.57,42.4643
2024-10-28,1622.0251010212153,ARIMA,433.57,42.4643
2024-10-29,1536.42987095023,ARIMA,433.57,42.4643
2024-10-30,1475.4120068008692,ARIMA,433.57,42.4643
2024-10-31,1484.5764874132008,ARIMA,433.57,42.4643
2024-11-01,1556.644429531223,ARIMA,433.57,42.4643
2024-11-02,1637.2177247839277,ARIMA,433.57,42.4643
2024-11-03,1665.837556891481,ARIMA,433.57,42.4643
2024-11-04,1621.3482902985959,ARIMA,433.57,42.4643
2024-11-05,1537.530382179384,ARIMA,433.57,42.4643
2024-11-06,1477.4544088161708,ARIMA,433.57,42.4643
2024-11-07,1486.0240266831595,ARIMA,433.57,42.4643
2024-11-08,1556.4152784432772,ARIMA,433.57,42.4643
2024-11-09,1635.4934321833102,ARIMA,433.57,42.4643
2024-11-10,1663.9195907269695,ARIMA,433.57,42.4643
2024-11-11,1620.6757607457168,ARIMA,433.57,42.4643
2024-11-12,1538.6002767495886,ARIMA,433.57,42.4643
2024-11-13,1479.4544538248542,ARIMA,433.57,42.4643
2024-11-14,1487.4492937618334,ARIMA,433.57,42.4643
2024-11-15,1556.2005217102853,ARIMA,433.57,42.4643
2024-11-16,1633.8091953076876,ARIMA,433.57,42.4643
2024-11-17,1662.0371609659142,ARIMA,433.57,42.4643
2024-11-18,1620.0076313145892,ARIMA,433.57,42.4643
2024-11-19,1539.6403171408256,ARIMA,433.57,42.4643
2024-11-20,1481.4129724298195,ARIMA,433.57,42.4643
2024-11-21,1488.852564239163,ARIMA,433.57,42.4643
2024-11-22,1555.9996765126311,ARIMA,433.57,42.4643
2024-11-23,1632.164139326744,ARIMA,433.57,42.4643
2024-11-24,1660.189658944712,ARIMA,433.57,42.4643
2024-11-25,1619.3440143037055,ARIMA,433.57,42.4643
2024-11-26,1540.6512482286385,ARIMA,433.57,42.4643
2024-11-27,1483.3307799410798,ARIMA,433.57,42.4643
2024-11-28,1490.234112176078,ARIMA,433.57,42.4643
2024-11-29,1555.812273331941,ARIMA,433.57,42.4643
2024-11-30,1630.5574074829392,ARIMA,433.57,42.4643
2024-12-01,1658.376485266373,ARIMA,433.57,42.4643
2024-12-02,1618.685015575593,ARIMA,433.57,42.4643
2024-12-03,1541.6337976666105,ARIMA,433.57,42.4643
2024-12-04,1485.2086766354464,ARIMA,433.57,42.4643
2024-12-05,1491.5942100474053,ARIMA,433.57,42.4643
2024-12-06,1555.637855621862,ARIMA,433.57,42.4643
2024-12-07,1628.9881607385717,ARIMA,433.57,42.4643
2024-12-08,1656.5970496886205,ARIMA,433.57,42.4643
2024-12-09,1618.0307347684468,ARIMA,433.57,42.4643
2024-12-10,1542.588676260984,ARIMA,433.57,42.4643
2024-12-11,1487.047448012319,ARIMA,433.57,42.4643
2024-12-12,1492.9331286877443,ARIMA,433.57,42.4643
2024-12-13,1555.4759794864035,ARIMA,433.57,42.4643
2024-12-14,1627.4555774293028,ARIMA,433.57,42.4643
2024-12-15,1654.8507710125098,ARIMA,433.57,42.4643
2024-12-16,1617.3812655019842,ARIMA,433.57,42.4643
2024-12-17,1543.5165783375644,ARIMA,433.57,42.4643
2024-12-18,1488.847865045617,ARIMA,433.57,42.4643
2024-12-19,1494.2511372402087,ARIMA,433.57,42.4643
2024-12-20,1555.3262133656801,ARIMA,433.57,42.4643
2024-12-21,1625.9588529240407,ARIMA,433.57,42.4643
2024-12-22,1653.1370769716027,ARIMA,433.57,42.4643
2024-12-23,1616.7366955776683,ARIMA,433.57,42.4643
2024-12-24,1544.418182101071,ARIMA,433.57,42.4643
2024-12-25,1490.6106844319136,ARIMA,433.57,42.4643
2024-12-26,1495.5485031079522,ARIMA,433.57,42.4643
2024-12-27,1555.1881377288987,ARIMA,433.57,42.4643
2024-12-28,1624.4971992910732,ARIMA,433.57,42.4643
2024-12-29,1651.4554041217193,ARIMA,433.57,42.4643
2024-12-30,1616.097107173437,ARIMA,433.57,42.4643
2024-12-31,1545.2941499870728,ARIMA,433.57,42.4643
2024-01-01,1432.3432484337511,SARIMA,461.16,44.2887
2024-01-02,1439.0731338330554,SARIMA,461.16,44.2887
2024-01-03,1437.0643004755887,SARIMA,461.16,44.2887
2024-01-04,1441.5362288019685,SARIMA,461.16,44.2887
2024-01-05,1443.9816425009355,SARIMA,461.16,44.2887
2024-01-06,1838.9975607055421,SARIMA,461.16,44.2887
2024-01-07,1833.9380791261892,SARIMA,461.16,44.2887
2024-01-08,1439.640681264109,SARIMA,461.16,44.2887
2024-01-09,1442.9244814771246,SARIMA,461.16,44.2887
2024-01-10,1441.059204332469,SARIMA,461.16,44.2887
2024-01-11,1452.4180063417643,SARIMA,461.16,44.2887
2024-01-12,1445.3075616904864,SARIMA,461.16,44.2887
2024-01-13,1839.1589926866159,SARIMA,461.16,44.2887
2024-01-14,1833.539779669705,SARIMA,461.16,44.2887
2024-01-15,1442.722361506995,SARIMA,461.16,44.2887
2024-01-16,1444.8578310967278,SARIMA,461.16,44.2887
2024-01-17,1443.9764519744892,SARIMA,461.16,44.2887
2024-01-18,1454.6645618759567,SARIMA,461.16,44.2887
2024-01-19,1448.068065004519,SARIMA,461.16,44.2887
2024-01-20,1841.0852034667487,SARIMA,461.16,44.2887
2024-01-21,1836.185757324742,SARIMA,461.16,44.2887
2024-01-22,1444.8021190257043,SARIMA,461.16,44.2887
2024-01-23,1447.5392825145973,SARIMA,461.16,44.2887
2024-01-24,1446.094148567186,SARIMA,461.16,44.2887
2024-01-25,1457.3163309925083,SARIMA,461.16,44.2887
2024-01-26,1450.2182064946428,SARIMA,461.16,44.2887
2024-01-27,1843.6902510386794,SARIMA,461.16,44.2887
2024-01-28,1838.3648391883416,SARIMA,461.16,44.2887
2024-01-29,1447.3818523539094,SARIMA,461.16,44.2887
2024-01-30,1449.7482662146406,SARIMA,461.16,44.2887
2024-01-31,1448.6485258266869,SARIMA,461.16,44.2887
2024-02-01,1459.5491444871175,SARIMA,461.16,44.2887
2024-02-02,1452.7505459102752,SARIMA,461.16,44.2887
2024-02-03,1845.9430188538233,SARIMA,461.16,44.2887
2024-02-04,1840.8780671897941,SARIMA,461.16,44.2887
2024-02-05,1449.6524885667284,SARIMA,461.16,44.2887
2024-02-06,1452.2450657715553,SARIMA,461.16,44.2887
2024-02-07,1450.9345603731101,SARIMA,461.16,44.2887
2024-02-08,1462.0316014518976,SARIMA,461.16,44.2887
2024-02-09,1455.0499522695213,SARIMA,461.16,44.2887
2024-02-10,1848.412994054204,SARIMA,461.16,44.2887
2024-02-11,1843.1890870441378,SARIMA,461.16,44.2887
2024-02-12,1452.1116432396698,SARIMA,461.16,44.2887
2024-02-13,1454.5661771410173,SARIMA,461.16,44.2887
2024-02-14,1453.3843139161277,SARIMA,461.16,44.2887
2024-02-15,1464.3614739680324,SARIMA,461.16,44.2887
2024-02-16,1457.4915415268742,SARIMA,461.16,44.2887
2024-02-17,1850.7504741255816,SARIMA,461.16,44.2887
2024-02-18,1845.6235861897069,SARIMA,461.16,44.2887
2024-02-19,1454.4557306466304,SARIMA,461.16,44.2887
2024-02-20,1456.9945192010669,SARIMA,461.16,44.2887
2024-02-21,1455.7341392108808,SARIMA,461.16,44.2887
2024-02-22,1466.7844689095625,SARIMA,461.16,44.2887
2024-02-23,1459.8463497992814,SARIMA,461.16,44.2887
2024-02-24,1853.168825413416,SARIMA,461.16,44.2887
2024-02-25,1847.9827218519042,SARIMA,461.16,44.2887
2024-02-26,1456.8700492502408,SARIMA,461.16,44.2887
2024-02-27,1459.357412924332,SARIMA,461.16,44.2887
2024-02-28,1458.144955688018,SARIMA,461.16,44.2887
2024-02-29,1469.1506262585385,SARIMA,461.16,44.2887
2024-03-01,1462.254124909718,SARIMA,461.16,44.2887
2024-03-02,1855.537817005672,SARIMA,461.16,44.2887
2024-03-03,1850.3878557352903,SARIMA,461.16,44.2887
2024-03-04,1459.2415021973532,SARIMA,461.16,44.2887
2024-03-05,1461.7602530758763,SARIMA,461.16,44.2887
2024-03-06,1460.51854615987,SARIMA,461.16,44.2887
2024-03-07,1471.5514744546108,SARIMA,461.16,44.2887
2024-03-08,1464.6295716813222,SARIMA,461.16,44.2887
2024-03-09,1857.9369353192928,SARIMA,461.16,44.2887
2024-03-10,1852.7649145812295,SARIMA,461.16,44.2887
2024-03-11,1461.6391182217872,SARIMA,461.16,44.2887
2024-03-12,1464.138711902435,SARIMA,461.16,44.2887
2024-03-13,1462.9148575448735,SARIMA,461.16,44.2887
2024-03-14,1473.9311490723228,SARIMA,461.16,44.2887
2024-03-15,1467.0247500727241,SARIMA,461.16,44.2887
2024-03-16,1860.317665771715,SARIMA,461.16,44.2887
2024-03-17,1855.159109042152,SARIMA,461.16,44.2887
2024-03-18,1464.0207655972638,SARIMA,461.16,44.2887
2024-03-19,1466.5320518844032,SARIMA,461.16,44.2887
2024-03-20,1465.2973012077598,SARIMA,461.16,44.2887
2024-03-21,1476.3237469954774,SARIMA,461.16,44.2887
2024-03-22,1469.4078852588916,SARIMA,461.16,44.2887
2024-03-23,1862.7096192655601,SARIMA,461.16,44.2887
2024-03-24,1857.5428447708407,SARIMA,461.16,44.2887
2024-03-25,1466.4121594466073,SARIMA,461.16,44.2887
2024-03-26,1468.9163091448022,SARIMA,461.16,44.2887
2024-03-27,1467.6882090426354,SARIMA,461.16,44.2887
2024-03-28,1478.7084571718904,SARIMA,461.16,44.2887
2024-03-29,1471.7983710221438,SARIMA,461.16,44.2887
2024-03-30,1865.0947227697643,SARIMA,461.16,44.2887
2024-03-31,1859.9329639926275,SARIMA,461.16,44.2887
2024-04-01,1468.7976045301475,SARIMA,461.16,44.2887
2024-04-02,1471.3061100494165,SARIMA,461.16,44.2887
2024-04-03,1470.0739507653795,SARIMA,461.16,44.2887
2024-04-04,1481.0979816389613,SARIMA,461.16,44.2887
2024-04-05,1474.1843703565407,SARIMA,461.16,44.2887
2024-04-06,1867.4840071689964,SARIMA,461.16,44.2887
2024-04-07,1862.3191870458136,SARIMA,461.16,44.2887
2024-04-08,1471.1866804462397,SARIMA,461.16,44.2887
2024-04-09,1473.6925273876675,SARIMA,461.16,44.2887
2024-04-10,1472.4628456275668,SARIMA,461.16,44.2887
2024-04-11,1483.4845677010223,SARIMA,461.16,44.2887
2024-04-12,1476.5731079853108,SARIMA,461.16,44.2887
2024-04-13,1869.8707397565977,SARIMA,461.16,44.2887
2024-04-14,1864.7077881276948,SARIMA,461.16,44.2887
2024-04-15,1473.5735402816426,SARIMA,461.16,44.2887
2024-04-16,1476.0810098875502,SARIMA,461.16,44.2887
2024-04-17,1474.8498159693222,SARIMA,461.16,44.2887
2024-04-18,1485.8729472202324,SARIMA,461.16,44.2887
2024-04-19,1478.9601742945706,SARIMA,461.16,44.2887
2024-04-20,1872.259029843862,SARIMA,461.16,44.2887
2024-04-21,1867.094937778425,SARIMA,461.16,44.2887
2024-04-22,1475.9617527031398,SARIMA,461.16,44.2887
2024-04-23,1478.46823191487,SARIMA,461.16,44.2887
2024-04-24,1477.237960943205,SARIMA,461.16,44.2887
2024-04-25,1488.2602321018635,SARIMA,461.16,44.2887
2024-04-26,1481.3482606946332,SARIMA,461.16,44.2887
2024-04-27,1874.6463693103315,SARIMA,461.16,44.2887
2024-04-28,1869.482973310974,SARIMA,461.16,44.2887
2024-04-29,1478.3491395729538,SARIMA,461.16,44.2887
2024-04-30,1480.8562232723268,SARIMA,461.16,44.2887
2024-05-01,1479.6253889797083,SARIMA,461.16,44.2887
2024-05-02,1490.6481850961563,SARIMA,461.16,44.2887
2024-05-03,1483.7357244817008,SARIMA,461.16,44.2887
2024-05-04,1877.0342889887377,SARIMA,461.16,44.2887
2024-05-05,1871.8704681450572,SARIMA,461.16,44.2887
2024-05-06,1480.737030318702,SARIMA,461.16,44.2887
2024-05-07,1483.2437450687023,SARIMA,461.16,44.2887
2024-05-08,1482.0132545993445,SARIMA,461.16,44.2887
2024-05-09,1493.0357303075104,SARIMA,461.16,44.2887
2024-05-10,1486.1235682809597,SARIMA,461.16,44.2887
2024-05-11,1879.421854534462,SARIMA,461.16,44.2887
2024-05-12,1874.2582929947532,SARIMA,461.16,44.2887
2024-05-13,1483.1246135234908,SARIMA,461.16,44.2887
2024-05-14,1485.6315534619482,SARIMA,461.16,44.2887
2024-05-15,1484.40085313987,SARIMA,461.16,44.2887
2024-05-16,1495.4235244094111,SARIMA,461.16,44.2887
2024-05-17,1488.5111801395649,SARIMA,461.16,44.2887
2024-05-18,1881.8096362252684,SARIMA,461.16,44.2887
2024-05-19,1876.6459164192347,SARIMA,461.16,44.2887
2024-05-20,1485.512384436077,SARIMA,461.16,44.2887
2024-05-21,1488.0191869306332,SARIMA,461.16,44.2887
2024-05-22,1486.7886146922808,SARIMA,461.16,44.2887
2024-05-23,1497.8111666008267,SARIMA,461.16,44.2887
2024-05-24,1490.8989335632784,SARIMA,461.16,44.2887
2024-05-25,1884.1972859918023,SARIMA,461.16,44.2887
2024-05-26,1879.033662783709,SARIMA,461.16,44.2887
2024-05-27,1487.9000407811036,SARIMA,461.16,44.2887
2024-05-28,1490.406927164622,SARIMA,461.16,44.2887
2024-05-29,1489.1762767502955,SARIMA,461.16,44.2887
2024-05-30,1500.1989015108918,SARIMA,461.16,44.2887
2024-05-31,1493.286600582648,SARIMA,461.16,44.2887
2024-06-01,1886.5850162783895,SARIMA,461.16,44.2887
2024-06-02,1881.421334111689,SARIMA,461.16,44.2887
2024-06-03,1490.2877670525043,SARIMA,461.16,44.2887
2024-06-04,1492.7946022343474,SARIMA,461.16,44.2887
2024-06-05,1491.5639995347708,SARIMA,461.16,44.2887
2024-06-06,1502.5865798300772,SARIMA,461.16,44.2887
2024-06-07,1495.6743203389574,SARIMA,461.16,44.2887
2024-06-08,1888.9726974195173,SARIMA,461.16,44.2887
2024-06-09,1883.8090512382357,SARIMA,461.16,44.2887
2024-06-10,1492.6754506443033,SARIMA,461.16,44.2887
2024-06-11,1495.1823170771177,SARIMA,461.16,44.2887
2024-06-12,1493.9516852548165,SARIMA,461.16,44.2887
2024-06-13,1504.9742926895376,SARIMA,461.16,44.2887
2024-06-14,1498.0620079072457,SARIMA,461.16,44.2887
2024-06-15,1891.3604085566035,SARIMA,461.16,44.2887
2024-06-16,1886.1967404116015,SARIMA,461.16,44.2887
2024-06-17,1495.063160285621,SARIMA,461.16,44.2887
2024-06-18,1497.5700076443875,SARIMA,461.16,44.2887
2024-06-19,1496.3393935971576,SARIMA,461.16,44.2887
2024-06-20,1507.3619844673217,SARIMA,461.16,44.2887
2024-06-21,1500.4497151215112,SARIMA,461.16,44.2887
2024-06-22,1893.7481013856398,SARIMA,461.16,44.2887
2024-06-23,1888.5844466462067,SARIMA,461.16,44.2887
2024-06-24,1497.4508540276004,SARIMA,461.16,44.2887
2024-06-25,1499.9577130282228,SARIMA,461.16,44.2887
2024-06-26,1498.7270881319682,SARIMA,461.16,44.2887
2024-06-27,1509.749689112319,SARIMA,461.16,44.2887
2024-06-28,1502.8374103448434,SARIMA,461.16,44.2887
2024-06-29,1896.1358053890049,SARIMA,461.16,44.2887
2024-06-30,1890.9721424674754,SARIMA,461.16,44.2887
2024-07-01,1499.8385574737504,SARIMA,461.16,44.2887
2024-07-02,1502.3454093687594,SARIMA,461.16,44.2887
2024-07-03,1501.1147910942132,SARIMA,461.16,44.2887
2024-07-04,1512.1373859038058,SARIMA,461.16,44.2887
2024-07-05,1505.2251128868488,SARIMA,461.16,44.2887
2024-07-06,1898.5235025721122,SARIMA,461.16,44.2887
2024-07-07,1893.3598446445299,SARIMA,461.16,44.2887
2024-07-08,1502.2262549969541,SARIMA,461.16,44.2887
2024-07-09,1504.7331112288784,SARIMA,461.16,44.2887
2024-07-10,1503.5024889127687,SARIMA,461.16,44.2887
2024-07-11,1514.5250874886872,SARIMA,461.16,44.2887
2024-07-12,1507.6128109618978,SARIMA,461.16,44.2887
2024-07-13,1900.9112039179677,SARIMA,461.16,44.2887
2024-07-14,1895.7475429423268,SARIMA,461.16,44.2887
2024-07-15,1504.6139561352315,SARIMA,461.16,44.2887
2024-07-16,1507.1208097201172,SARIMA,461.16,44.2887
2024-07-17,1505.890189870778,SARIMA,461.16,44.2887
2024-07-18,1516.9127861479174,SARIMA,461.16,44.2887
2024-07-19,1510.0005117633561,SARIMA,461.16,44.2887
2024-07-20,1903.2989027230874,SARIMA,461.16,44.2887
2024-07-21,1898.135243607831,SARIMA,461.16,44.2887
2024-07-22,1507.0016550670466,SARIMA,461.16,44.2887
2024-07-23,1509.5085102675537,SARIMA,461.16,44.2887
2024-07-24,1508.2778889126196,SARIMA,461.16,44.2887
2024-07-25,1519.30048659282,SARIMA,461.16,44.2887
2024-07-26,1512.3882109007488,SARIMA,461.16,44.2887
2024-07-27,1905.6866030789465,SARIMA,461.16,44.2887
2024-07-28,1900.5229428282032,SARIMA,461.16,44.2887
2024-07-29,1509.389355345577,SARIMA,461.16,44.2887
2024-07-30,1511.8962095599886,SARIMA,461.16,44.2887
2024-07-31,1510.6655891239955,SARIMA,461.16,44.2887
2024-08-01,1521.688185947837,SARIMA,461.16,44.2887
2024-08-02,1514.7759110538052,SARIMA,461.16,44.2887
2024-08-03,1908.0743024883113,SARIMA,461.16,44.2887
2024-08-04,1902.9106429306132,SARIMA,461.16,44.2887
2024-08-05,1511.77705480214,SARIMA,461.16,44.2887
2024-08-06,1514.2839096184157,SARIMA,461.16,44.2887
2024-08-07,1513.0532886215465,SARIMA,461.16,44.2887
2024-08-08,1524.075885968067,SARIMA,461.16,44.2887
2024-08-09,1517.1636105869513,SARIMA,461.16,44.2887
2024-08-10,1910.4620024753701,SARIMA,461.16,44.2887
2024-08-11,1905.2983424946715,SARIMA,461.16,44.2887
2024-08-12,1514.1647547603911,SARIMA,461.16,44.2887
2024-08-13,1516.6716092093186,SARIMA,461.16,44.2887
2024-08-14,1515.4409885547802,SARIMA,461.16,44.2887
2024-08-15,1526.4635855822833,SARIMA,461.16,44.2887
2024-08-16,1519.5513104984595,SARIMA,461.16,44.2887
2024-08-17,1912.8497021098324,SARIMA,461.16,44.2887
2024-08-18,1907.6860423873122,SARIMA,461.16,44.2887
2024-08-19,1516.552454412436,SARIMA,461.16,44.2887
2024-08-20,1519.0593090855746,SARIMA,461.16,44.2887
2024-08-21,1517.8286882220943,SARIMA,461.16,44.2887
2024-08-22,1528.85128544431,SARIMA,461.16,44.2887
2024-08-23,1521.9390101790339,SARIMA,461.16,44.2887
2024-08-24,1915.2374019595018,SARIMA,461.16,44.2887
2024-08-25,1910.0737420794023,SARIMA,461.16,44.2887
2024-08-26,1518.940154251374,SARIMA,461.16,44.2887
2024-08-27,1521.4470087876653,SARIMA,461.16,44.2887
2024-08-28,1520.2163880517128,SARIMA,461.16,44.2887
2024-08-29,1531.2389851550854,SARIMA,461.16,44.2887
2024-08-30,1524.3267100005587,SARIMA,461.16,44.2887
2024-08-31,1917.6251016778194,SARIMA,461.16,44.2887
2024-09-01,1912.4614418938986,SARIMA,461.16,44.2887
2024-09-02,1521.3278539762416,SARIMA,461.16,44.2887
2024-09-03,1523.8347085960577,SARIMA,461.16,44.2887
2024-09-04,1522.6040877822686,SARIMA,461.16,44.2887
2024-09-05,1533.626684958177,SARIMA,461.16,44.2887
2024-09-06,1526.7144097360547,SARIMA,461.16,44.2887
2024-09-07,1920.012801476308,SARIMA,461.16,44.2887
2024-09-08,1914.8491416336844,SARIMA,461.16,44.2887
2024-09-09,1523.7155537707322,SARIMA,461.16,44.2887
2024-09-10,1526.222408339569,SARIMA,461.16,44.2887
2024-09-11,1524.9917875732876,SARIMA,461.16,44.2887
2024-09-12,1536.0143847049237,SARIMA,461.16,44.2887
2024-09-13,1529.1021095240583,SARIMA,461.16,44.2887
2024-09-14,1922.400501225864,SARIMA,461.16,44.2887
2024-09-15,1917.2368414190698,SARIMA,461.16,44.2887
2024-09-16,1526.1032535227287,SARIMA,461.16,44.2887
2024-09-17,1528.6101081226805,SARIMA,461.16,44.2887
2024-09-18,1527.3794873274028,SARIMA,461.16,44.2887
2024-09-19,1538.4020844860606,SARIMA,461.16,44.2887
2024-09-20,1531.489809280014,SARIMA,461.16,44.2887
2024-09-21,1924.7882010052863,SARIMA,461.16,44.2887
2024-09-22,1919.6245411766236,SARIMA,461.16,44.2887
2024-09-23,1528.4909533006612,SARIMA,461.16,44.2887
2024-09-24,1530.997807881622,SARIMA,461.16,44.2887
2024-09-25,1529.7671871040423,SARIMA,461.16,44.2887
2024-09-26,1540.7897842462075,SARIMA,461.16,44.2887
2024-09-27,1533.8775090555305,SARIMA,461.16,44.2887
2024-09-28,1927.17590076648,SARIMA,461.16,44.2887
2024-09-29,1922.0122409511646,SARIMA,461.16,44.2887
2024-09-30,1530.878653062764,SARIMA,461.16,44.2887
2024-10-01,1533.385507655316,SARIMA,461.16,44.2887
2024-10-02,1532.1548868669342,SARIMA,461.16,44.2887
2024-10-03,1543.1774840191656,SARIMA,461.16,44.2887
2024-10-04,1536.2652088191076,SARIMA,461.16,44.2887
2024-10-05,1929.563600538799,SARIMA,461.16,44.2887
2024-10-06,1924.399940715337,SARIMA,461.16,44.2887
2024-10-07,1533.266352834528,SARIMA,461.16,44.2887
2024-10-08,1535.7732074200055,SARIMA,461.16,44.2887
2024-10-09,1534.5425866382166,SARIMA,461.16,44.2887
2024-10-10,1545.565183784304,SARIMA,461.16,44.2887
2024-10-11,1538.6529085899715,SARIMA,461.16,44.2887
2024-10-12,1931.9513003043273,SARIMA,461.16,44.2887
2024-10-13,1926.7876404858375,SARIMA,461.16,44.2887
2024-10-14,1535.654052600395,SARIMA,461.16,44.2887
2024-10-15,1538.1609071901905,SARIMA,461.16,44.2887
2024-10-16,1536.9302864043777,SARIMA,461.16,44.2887
2024-10-17,1547.9528835542153,SARIMA,461.16,44.2887
2024-10-18,1541.0406083563885,SARIMA,461.16,44.2887
2024-10-19,1934.339000074001,SARIMA,461.16,44.2887
2024-10-20,1929.1753402524766,SARIMA,461.16,44.2887
2024-10-21,1538.0417523698623,SARIMA,461.16,44.2887
2024-10-22,1540.5486069570222,SARIMA,461.16,44.2887
2024-10-23,1539.3179861736655,SARIMA,461.16,44.2887
2024-10-24,1550.3405833212144,SARIMA,461.16,44.2887
2024-10-25,1543.4283081255203,SARIMA,461.16,44.2887
2024-10-26,1936.726699841145,SARIMA,461.16,44.2887
2024-10-27,1931.563040021473,SARIMA,461.16,44.2887
2024-10-28,1540.4294521371323,SARIMA,461.16,44.2887
2024-10-29,1542.936306725901,SARIMA,461.16,44.2887
2024-10-30,1541.7056859410452,SARIMA,461.16,44.2887
2024-10-31,1552.7282830899908,SARIMA,461.16,44.2887
2024-11-01,1545.8160078929948,SARIMA,461.16,44.2887
2024-11-02,1939.1143996098326,SARIMA,461.16,44.2887
2024-11-03,1933.95073978903,SARIMA,461.16,44.2887
2024-11-04,1542.817151905743,SARIMA,461.16,44.2887
2024-11-05,1545.3240064935296,SARIMA,461.16,44.2887
2024-11-06,1544.0933857095888,SARIMA,461.16,44.2887
2024-11-07,1555.1159828576817,SARIMA,461.16,44.2887
2024-11-08,1548.2037076614804,SARIMA,461.16,44.2887
2024-11-09,1941.5020993775777,SARIMA,461.16,44.2887
2024-11-10,1936.338439557465,SARIMA,461.16,44.2887
2024-11-11,1545.2048516735351,SARIMA,461.16,44.2887
2024-11-12,1547.711706261921,SARIMA,461.16,44.2887
2024-11-13,1546.4810854774219,SARIMA,461.16,44.2887
2024-11-14,1557.5036826260352,SARIMA,461.16,44.2887
2024-11-15,1550.591407429349,SARIMA,461.16,44.2887
2024-11-16,1943.8897991458985,SARIMA,461.16,44.2887
2024-11-17,1938.7261393253646,SARIMA,461.16,44.2887
2024-11-18,1547.592551441827,SARIMA,461.16,44.2887
2024-11-19,1550.0994060298472,SARIMA,461.16,44.2887
2024-11-20,1548.8687852456887,SARIMA,461.16,44.2887
2024-11-21,1559.8913823939845,SARIMA,461.16,44.2887
2024-11-22,1552.9791071975942,SARIMA,461.16,44.2887
2024-11-23,1946.2774989138677,SARIMA,461.16,44.2887
2024-11-24,1941.113839093591,SARIMA,461.16,44.2887
2024-11-25,1549.9802512098138,SARIMA,461.16,44.2887
2024-11-26,1552.4871057980572,SARIMA,461.16,44.2887
2024-11-27,1551.2564850136907,SARIMA,461.16,44.2887
2024-11-28,1562.2790821621804,SARIMA,461.16,44.2887
2024-11-29,1555.3668069656094,SARIMA,461.16,44.2887
2024-11-30,1948.6651986820511,SARIMA,461.16,44.2887
2024-12-01,1943.5015388616175,SARIMA,461.16,44.2887
2024-12-02,1552.3679509779868,SARIMA,461.16,44.2887
2024-12-03,1554.8748055660938,SARIMA,461.16,44.2887
2024-12-04,1553.6441847818542,SARIMA,461.16,44.2887
2024-12-05,1564.6667819302256,SARIMA,461.16,44.2887
2024-12-06,1557.7545067337649,SARIMA,461.16,44.2887
2024-12-07,1951.0528984501038,SARIMA,461.16,44.2887
2024-12-08,1945.889238629766,SARIMA,461.16,44.2887
2024-12-09,1554.7556507460458,SARIMA,461.16,44.2887
2024-12-10,1557.2625053342363,SARIMA,461.16,44.2887
2024-12-11,1556.0318845499191,SARIMA,461.16,44.2887
2024-12-12,1567.0544816983627,SARIMA,461.16,44.2887
2024-12-13,1560.1422065018346,SARIMA,461.16,44.2887
2024-12-14,1953.4405982182366,SARIMA,461.16,44.2887
2024-12-15,1948.2769383978402,SARIMA,461.16,44.2887
2024-12-16,1557.1433505141747,SARIMA,461.16,44.2887
2024-12-17,1559.6502051023142,SARIMA,461.16,44.2887
2024-12-18,1558.4195843180444,SARIMA,461.16,44.2887
2024-12-19,1569.4421814664438,SARIMA,461.16,44.2887
2024-12-20,1562.5299062699569,SARIMA,461.16,44.2887
2024-12-21,1955.8282979863204,SARIMA,461.16,44.2887
2024-12-22,1950.6646381659598,SARIMA,461.16,44.2887
2024-12-23,1559.5310502822608,SARIMA,461.16,44.2887
2024-12-24,1562.0379048704312,SARIMA,461.16,44.2887
2024-12-25,1560.8072840861325,SARIMA,461.16,44.2887
2024-12-26,1571.8298812345588,SARIMA,461.16,44.2887
2024-12-27,1564.9176060380469,SARIMA,461.16,44.2887
2024-12-28,1958.2159977544338,SARIMA,461.16,44.2887
2024-12-29,1953.0523379340514,SARIMA,461.16,44.2887
2024-12-30,1561.9187500503726,SARIMA,461.16,44.2887
2024-12-31,1564.4256046385242,SARIMA,461.16,44.2887
,1191.2445027086799,Prophet,83.0963,7.4925
,1164.5489016587273,Prophet,83.0963,7.4925
,1133.359728570273,Prophet,83.0963,7.4925
,1116.700225233183,Prophet,83.0963,7.4925
,1083.3361180893376,Prophet,83.0963,7.4925
,1451.7541128508644,Prophet,83.0963,7.4925
,1423.6320746671643,Prophet,83.0963,7.4925
,1010.3238726191971,Prophet,83.0963,7.4925
,994.105432805111,Prophet,83.0963,7.4925
,975.2555916574117,Prophet,83.0963,7.4925
,972.5107215593983,Prophet,83.0963,7.4925
,954.3203457751555,Prophet,83.0963,7.4925
,1338.8338062093815,Prophet,83.0963,7.4925
,1327.3790188678643,Prophet,83.0963,7.4925
,930.9560680235379,Prophet,83.0963,7.4925
,931.4919539720089,Prophet,83.0963,7.4925
,928.9298612658483,Prophet,83.0963,7.4925
,941.6917052079284,Prophet,83.0963,7.4925
,937.9409755186298,Prophet,83.0963,7.4925
,1335.5757637958607,Prophet,83.0963,7.4925
,1335.7128584608101,Prophet,83.0963,7.4925
,949.185536417707,Prophet,83.0963,7.4925
,957.8012768669886,Prophet,83.0963,7.4925
,961.4327088985426,Prophet,83.0963,7.4925
,978.4805307191334,Prophet,83.0963,7.4925
,977.1354347132179,Prophet,83.0963,7.4925
,1375.3689746258808,Prophet,83.0963,7.4925
,1374.4143406834226,Prophet,83.0963,7.4925
,985.2597838064207,Prophet,83.0963,7.4925
,989.9010524701122,Prophet,83.0963,7.4925
,988.4263140945727,Prophet,83.0963,7.4925
,999.4724763945006,Prophet,83.0963,7.4925
,991.4801326983406,Prophet,83.0963,7.4925
,1382.6772641693633,Prophet,83.0963,7.4925
,1374.5528627033439,Prophet,83.0963,7.4925
,978.3434094966773,Prophet,83.0963,7.4925
,976.2787572538263,Prophet,83.0963,7.4925
,968.6610580556969,Prophet,83.0963,7.4925
,974.3158036416022,Prophet,83.0963,7.4925
,961.842330846701,Prophet,83.0963,7.4925
,1349.5940280435584,Prophet,83.0963,7.4925
,1339.14948109393,Prophet,83.0963,7.4925
,941.7975387720143,Prophet,83.0963,7.4925
,939.7828601044487,Prophet,83.0963,7.4925
,933.3855698032787,Prophet,83.0963,7.4925
,941.3740433705832,Prophet,83.0963,7.4925
,932.2581019056621,Prophet,83.0963,7.4925
,1324.272754793026,Prophet,83.0963,7.4925
,1318.8536093607872,Prophet,83.0963,7.4925
,927.126790014395,Prophet,83.0963,7.4925
,931.1597781888776,Prophet,83.0963,7.4925
,931.0466388041907,Prophet,83.0963,7.4925
,945.3664899642232,Prophet,83.0963,7.4925
,942.4423312519043,Prophet,83.0963,7.4925
,1340.330209110993,Prophet,83.0963,7.4925
,1340.299688097064,Prophet,83.0963,7.4925
,953.328333717543,Prophet,83.0963,7.4925
,961.356498563894,Prophet,83.0963,7.4925
,964.3757780580648,Prophet,83.0963,7.4925
,980.88991588897,Prophet,83.0963,7.4925
,979.1752223077359,Prophet,83.0963,7.4925
,1377.2704571004952,Prophet,83.0963,7.4925
,1376.457145113749,Prophet,83.0963,7.4925
,987.7530544561089,Prophet,83.0963,7.4925
,993.1651775433846,Prophet,83.0963,7.4925
,992.7756520503289,Prophet,83.0963,7.4925
,1005.1994922279082,Prophet,83.0963,7.4925
,998.8413009173894,Prophet,83.0963,7.4925
,1391.8810344435294,Prophet,83.0963,7.4925
,1385.7499181233852,Prophet,83.0963,7.4925
,991.6193778513659,Prophet,83.0963,7.4925
,991.6494646876473,Prophet,83.0963,7.4925
,986.0703436366134,Prophet,83.0963,7.4925
,993.6358446856424,Prophet,83.0963,7.4925
,982.8763638873373,Prophet,83.0963,7.4925
,1372.0812907162062,Prophet,83.0963,7.4925
,1362.7721472514208,Prophet,83.0963,7.4925
,966.1893739678171,Prophet,83.0963,7.4925
,964.5392882021872,Prophet,83.0963,7.4925
,958.0748143516465,Prophet,83.0963,7.4925
,965.5489901070704,Prophet,83.0963,7.4925
,955.4685213188249,Prophet,83.0963,7.4925
,1346.0775260035196,Prophet,83.0963,7.4925
,1338.832598268766,Prophet,83.0963,7.4925
,944.8920551183223,Prophet,83.0963,7.4925
,946.3658058338423,Prophet,83.0963,7.4925
,943.399344974787,Prophet,83.0963,7.4925
,954.6307667872691,Prophet,83.0963,7.4925
,948.4479620236771,Prophet,83.0963,7.4925
,1342.9760244552738,Prophet,83.0963,7.4925
,1339.5558864734387,Prophet,83.0963,7.4925
,949.2369405357583,Prophet,83.0963,7.4925
,954.0299882783439,Prophet,83.0963,7.4925
,953.9939315321463,Prophet,83.0963,7.4925
,967.6950298667979,Prophet,83.0963,7.4925
,963.4658279490994,Prophet,83.0963,7.4925
,1359.3937393174951,Prophet,83.0963,7.4925
,1356.8002831895344,Prophet,83.0963,7.4925
,966.7337265262759,Prophet,83.0963,7.4925
,971.2214867030323,Prophet,83.0963,7.4925
,970.3557398272593,Prophet,83.0963,7.4925
,982.7511061177454,Prophet,83.0963,7.4925
,976.8015766563849,Prophet,83.0963,7.4925
,1370.6667412190222,Prophet,83.0963,7.4925
,1365.748396423249,Prophet,83.0963,7.4925
,973.1803759082313,Prophet,83.0963,7.4925
,975.0780511610423,Prophet,83.0963,7.4925
,971.6210422629179,Prophet,83.0963,7.4925
,981.508102025085,Prophet,83.0963,7.4925
,973.2114249574149,Prophet,83.0963,7.4925
,1364.9605202549742,Prophet,83.0963,7.4925
,1358.216797531907,Prophet,83.0963,7.4925
,964.1617644712705,Prophet,83.0963,7.4925
,964.9453288043409,Prophet,83.0963,7.4925
,960.7677729272255,Prophet,83.0963,7.4925
,970.3343781252888,Prophet,83.0963,7.4925
,962.1099477711837,Prophet,83.0963,7.4925
,1354.3033512440454,Prophet,83.0963,7.4925
,1348.3432053930032,Prophet,83.0963,7.4925
,955.3675475270988,Prophet,83.0963,7.4925
,957.4739356614738,Prophet,83.0963,7.4925
,954.8034780083381,Prophet,83.0963,7.4925
,965.9976951750898,Prophet,83.0963,7.4925
,959.4553861307584,Prophet,83.0963,7.4925
,1353.3195392543846,Prophet,83.0963,7.4925
,1348.9553253759152,Prophet,83.0963,7.4925
,957.4419499820814,Prophet,83.0963,7.4925
,960.8247291046005,Prophet,83.0963,7.4925
,959.2008275266709,Prophet,83.0963,7.4925
,971.1775092351071,Prophet,83.0963,7.4925
,965.1300291186055,Prophet,83.0963,7.4925
,1359.1891778885013,Prophet,83.0963,7.4925
,1354.7195013239668,Prophet,83.0963,7.4925
,962.8109691255341,Prophet,83.0963,7.4925
,965.530469787485,Prophet,83.0963,7.4925
,963.006595356969,Prophet,83.0963,7.4925
,973.8866034622332,Prophet,83.0963,7.4925
,966.5927340752772,Prophet,83.0963,7.4925
,1359.307950630664,Prophet,83.0963,7.4925
,1353.452191474306,Prophet,83.0963,7.4925
,960.1719767841043,Prophet,83.0963,7.4925
,961.5898198685745,Prophet,83.0963,7.4925
,957.8869793094768,Prophet,83.0963,7.4925
,967.7585097405101,Prophet,83.0963,7.4925
,959.667854443985,Prophet,83.0963,7.4925
,1351.8311083460196,Prophet,83.0963,7.4925
,1345.6920875622711,Prophet,83.0963,7.4925
,952.4110904644843,Prophet,83.0963,7.4925
,954.1138272498878,Prophet,83.0963,7.4925
,950.9740700197666,Prophet,83.0963,7.4925
,961.6689835902195,Prophet,83.0963,7.4925
,954.6343695418832,Prophet,83.0963,7.4925
,1348.0499286812121,Prophet,83.0963,7.4925
,1343.3156427490285,Prophet,83.0963,7.4925
,951.5421143179772,Prophet,83.0963,7.4925
,954.8012866854745,Prophet,83.0963,7.4925
,953.211033336148,Prophet,83.0963,7.4925
,965.3925095774946,Prophet,83.0963,7.4925
,959.7274283668868,Prophet,83.0963,7.4925
,1354.3452944970531,Prophet,83.0963,7.4925
,1350.601628869654,Prophet,83.0963,7.4925
,959.5699569163476,Prophet,83.0963,7.4925
,963.2939245475724,Prophet,83.0963,7.4925
,961.8729811471256,Prophet,83.0963,7.4925
,973.920482388295,Prophet,83.0963,7.4925
,967.8213465128792,Prophet,83.0963,7.4925
,1361.719282447694,Prophet,83.0963,7.4925
,1356.9946188267518,Prophet,83.0963,7.4925
,964.7555185673052,Prophet,83.0963,7.4925
,967.0889660566914,Prophet,83.0963,7.4925
,964.1450023653016,Prophet,83.0963,7.4925
,974.593108381238,Prophet,83.0963,7.4925
,966.8779262793291,Prophet,83.0963,7.4925
,1359.2044023093672,Prophet,83.0963,7.4925
,1353.0134503052448,Prophet,83.0963,7.4925
,959.4709943283904,Prophet,83.0963,7.4925
,960.7168522301255,Prophet,83.0963,7.4925
,956.9470087846165,Prophet,83.0963,7.4925
,966.868247532268,Prophet,83.0963,7.4925
,958.9523946678171,Prophet,83.0963,7.4925
,1351.4203123952154,Prophet,83.0963,7.4925
,1345.7167851879794,Prophet,83.0963,7.4925
,952.9991894327131,Prophet,83.0963,7.4925
,955.3864271155012,Prophet,83.0963,7.4925
,953.0416771533596,Prophet,83.0963,7.4925
,964.6279241117012,Prophet,83.0963,7.4925
,958.5634941483146,Prophet,83.0963,7.4925
,1353.0076985045819,Prophet,83.0963,7.4925
,1349.3376784016607,Prophet,83.0963,7.4925
,958.6392811494237,Prophet,83.0963,7.4925
,962.9583783315938,Prophet,83.0963,7.4925
,962.3861027614411,Prophet,83.0963,7.4925
,975.5168824963606,Prophet,83.0963,7.4925
,970.7064182731609,Prophet,83.0963,7.4925
,1366.059621910437,Prophet,83.0963,7.4925
,1362.9095301697203,Prophet,83.0963,7.4925
,972.3099506186841,Prophet,83.0963,7.4925
,976.2881855641875,Prophet,83.0963,7.4925
,974.9312568189252,Prophet,83.0963,7.4925
,986.8444683043217,Prophet,83.0963,7.4925
,980.409425851745,Prophet,83.0963,7.4925
,1373.7715200981313,Prophet,83.0963,7.4925
,1368.317891314314,Prophet,83.0963,7.4925
,975.168653174519,Prophet,83.0963,7.4925
,976.427757730776,Prophet,83.0963,7.4925
,972.2669754093511,Prophet,83.0963,7.4925
,981.3818915401589,Prophet,83.0963,7.4925
,972.2471149132946,Prophet,83.0963,7.4925
,1363.1007898084642,Prophet,83.0963,7.4925
,1355.4195227183923,Prophet,83.0963,7.4925
,960.4065971616183,Prophet,83.0963,7.4925
,960.2399562992972,Prophet,83.0963,7.4925
,955.1535225020964,Prophet,83.0963,7.4925
,963.8908456784613,Prophet,83.0963,7.4925
,954.9583580232279,Prophet,83.0963,7.4925
,1346.6083980282187,Prophet,83.0963,7.4925
,1340.313173075404,Prophet,83.0963,7.4925
,947.2525768093324,Prophet,83.0963,7.4925
,949.5623667624045,Prophet,83.0963,7.4925
,947.4162790860821,Prophet,83.0963,7.4925
,959.4810611742646,Prophet,83.0963,7.4925
,954.1716701106529,Prophet,83.0963,7.4925
,1349.6367519196301,Prophet,83.0963,7.4925
,1347.2355060583325,Prophet,83.0963,7.4925
,958.0287711756116,Prophet,83.0963,7.4925
,964.0307442736294,Prophet,83.0963,7.4925
,965.2948063739047,Prophet,83.0963,7.4925
,980.3723241457233,Prophet,83.0963,7.4925
,977.571560008256,Prophet,83.0963,7.4925
,1374.9466894808093,Prophet,83.0963,7.4925
,1373.7779169062346,Prophet,83.0963,7.4925
,985.0654186355911,Prophet,83.0963,7.4925
,990.7834286686161,Prophet,83.0963,7.4925
,990.9678556814754,Prophet,83.0963,7.4925
,1004.1762325312282,Prophet,83.0963,7.4925
,998.7470805639034,Prophet,83.0963,7.4925
,1392.7886574178738,Prophet,83.0963,7.4925
,1387.6580707810417,Prophet,83.0963,7.4925
,994.4535005732213,Prophet,83.0963,7.4925
,995.2658801386934,Prophet,83.0963,7.4925
,990.2634823886411,Prophet,83.0963,7.4925
,998.1482892457858,Prophet,83.0963,7.4925
,987.4113222384811,Prophet,83.0963,7.4925
,1376.3170142276804,Prophet,83.0963,7.4925
,1366.3777287452174,Prophet,83.0963,7.4925
,968.8413027147309,Prophet,83.0963,7.4925
,965.9381018829474,Prophet,83.0963,7.4925
,957.961175083424,Prophet,83.0963,7.4925
,963.7185231100241,Prophet,83.0963,7.4925
,951.7847905847095,Prophet,83.0963,7.4925
,1340.482580432665,Prophet,83.0963,7.4925
,1331.3546023780798,Prophet,83.0963,7.4925
,935.6496180730759,Prophet,83.0963,7.4925
,935.568738011447,Prophet,83.0963,7.4925
,931.3456987554739,Prophet,83.0963,7.4925
,941.7001535726632,Prophet,83.0963,7.4925
,935.091276051027,Prophet,83.0963,7.4925
,1329.7018410978112,Prophet,83.0963,7.4925
,1326.9139336568192,Prophet,83.0963,7.4925
,937.7991620623903,Prophet,83.0963,7.4925
,944.3698229034661,Prophet,83.0963,7.4925
,946.6645177618302,Prophet,83.0963,7.4925
,963.2071102187213,Prophet,83.0963,7.4925
,962.2661653240277,Prophet,83.0963,7.4925
,1361.8448702170817,Prophet,83.0963,7.4925
,1363.1624167779871,Prophet,83.0963,7.4925
,977.1495549206129,Prophet,83.0963,7.4925
,985.7046009942137,Prophet,83.0963,7.4925
,988.7832500929076,Prophet,83.0963,7.4925
,1004.860944358106,Prophet,83.0963,7.4925
,1002.1948227088869,Prophet,83.0963,7.4925
,1398.8151571437409,Prophet,83.0963,7.4925
,1396.007189284815,Prophet,83.0963,7.4925
,1004.8060373055998,Prophet,83.0963,7.4925
,1007.2509496037737,Prophet,83.0963,7.4925
,1003.4722770908302,Prophet,83.0963,7.4925
,1012.1499703202752,Prophet,83.0963,7.4925
,1001.7707111581842,Prophet,83.0963,7.4925
,1390.613696686885,Prophet,83.0963,7.4925
,1380.2261271979237,Prophet,83.0963,7.4925
,981.911228799015,Prophet,83.0963,7.4925
,977.975265507159,Prophet,83.0963,7.4925
,968.8071045859546,Prophet,83.0963,7.4925
,973.3293416232369,Prophet,83.0963,7.4925
,960.2482981273683,Prophet,83.0963,7.4925
,1348.0331097320081,Prophet,83.0963,7.4925
,1338.3851489506271,Prophet,83.0963,7.4925
,942.7207912703856,Prophet,83.0963,7.4925
,943.4141389083741,Prophet,83.0963,7.4925
,940.873401731598,Prophet,83.0963,7.4925
,953.9900499528844,Prophet,83.0963,7.4925
,951.3881283700335,Prophet,83.0963,7.4925
,1351.4039935694168,Prophet,83.0963,7.4925
,1355.5577260049283,Prophet,83.0963,7.4925
,975.0391976543032,Prophet,83.0963,7.4925
,991.9553456293438,Prophet,83.0963,7.4925
,1006.4122527634429,Prophet,83.0963,7.4925
,1036.971018891599,Prophet,83.0963,7.4925
,1051.9046524728915,Prophet,83.0963,7.4925
,1469.186058547794,Prophet,83.0963,7.4925
,1489.968168925694,Prophet,83.0963,7.4925
,1125.078973993358,Prophet,83.0963,7.4925
,1156.2777756950331,Prophet,83.0963,7.4925
,1183.3460285179683,Prophet,83.0963,7.4925
,1224.5515208077954,Prophet,83.0963,7.4925
,1247.9129038479532,Prophet,83.0963,7.4925
,1671.1944375987275,Prophet,83.0963,7.4925
,1695.3918128050582,Prophet,83.0963,7.4925
,1331.2316487064043,Prophet,83.0963,7.4925
,1360.43085642415,Prophet,83.0963,7.4925
,1382.7891396616474,Prophet,83.0963,7.4925
,1416.6533271268386,Prophet,83.0963,7.4925
,1430.1805252478314,Prophet,83.0963,7.4925
,1841.3299811576308,Prophet,83.0963,7.4925
,1851.3445764133596,Prophet,83.0963,7.4925
,1471.2446498650547,Prophet,83.0963,7.4925
,1483.0804749219485,Prophet,83.0963,7.4925
,1487.0168308101468,Prophet,83.0963,7.4925
,1501.788558629407,Prophet,83.0963,7.4925
,1495.954310681411,Prophet,83.0963,7.4925
,1887.8786207385874,Prophet,83.0963,7.4925
,1879.2034650221412,Prophet,83.0963,7.4925
,1481.3322667024204,Prophet,83.0963,7.4925
,1476.6729219280096,Prophet,83.0963,7.4925
,1465.7135314624566,Prophet,83.0963,7.4925
,1467.469958406672,Prophet,83.0963,7.4925
,1450.7326292154492,Prophet,83.0963,7.4925
,1834.042887908005,Prophet,83.0963,7.4925
,1819.160224037023,Prophet,83.0963,7.4925
,1417.5434425005317,Prophet,83.0963,7.4925
,1411.5924298435887,Prophet,83.0963,7.4925
,1401.724236932144,Prophet,83.0963,7.4925
,1406.8225924771282,Prophet,83.0963,7.4925
,1395.4882168324664,Prophet,83.0963,7.4925
,1786.0201575791225,Prophet,83.0963,7.4925
,1779.8893407282844,Prophet,83.0963,7.4925
,1388.2272438839818,Prophet,83.0963,7.4925
,1393.0761533734706,Prophet,83.0963,7.4925
,1394.474506861619,Prophet,83.0963,7.4925
,1410.916197473759,Prophet,83.0963,7.4925
,1410.6109566240057,Prophet,83.0963,7.4925
,1811.4757776919582,Prophet,83.0963,7.4925
,1814.618314680225,Prophet,83.0963,7.4925
,1430.8349090159786,Prophet,83.0963,7.4925
,1441.8694664588613,Prophet,83.0963,7.4925
,1447.506465086375,Prophet,83.0963,7.4925
,1466.0367750138266,Prophet,83.0963,7.4925
,1465.5232420297266,Prophet,83.0963,7.4925
,1863.7958668419737,Prophet,83.0963,7.4925
,1861.9374215659293,Prophet,83.0963,7.4925
,1470.7821043810459,Prophet,83.0963,7.4925
,1472.1734435911076,Prophet,83.0963,7.4925
,1466.054763000317,Prophet,83.0963,7.4925
,1470.9309609034271,Prophet,83.0963,7.4925
,1455.1286651499217,Prophet,83.0963,7.4925
,1836.7847418586816,Prophet,83.0963,7.4925
,1817.3241768929836,Prophet,83.0963,7.4925
,1407.9501352117297,Prophet,83.0963,7.4925
,1390.892634889815,Prophet,83.0963,7.4925
,1366.4893883124723,Prophet,83.0963,7.4925
,1353.6378123642037,Prophet,83.0963,7.4925
,1321.0455216338537,Prophet,83.0963,7.4925
,1687.2095293208276,Prophet,83.0963,7.4925
,1653.885411053566,Prophet,83.0963,7.4925
,1232.5694557063794,Prophet,83.0963,7.4925
,1205.7404361671584,Prophet,83.0963,7.4925
,944.53,Random Forest,70.97428961748633,6.424816069641587
,896.85,Random Forest,70.97428961748633,6.424816069641587
,927.39,Random Forest,70.97428961748633,6.424816069641587
,957.61,Random Forest,70.97428961748633,6.424816069641587
,975.7,Random Forest,70.97428961748633,6.424816069641587
,1386.26,Random Forest,70.97428961748633,6.424816069641587
,1411.9,Random Forest,70.97428961748633,6.424816069641587
,908.06,Random Forest,70.97428961748633,6.424816069641587
,969.61,Random Forest,70.97428961748633,6.424816069641587
,953.82,Random Forest,70.97428961748633,6.424816069641587
,971.26,Random Forest,70.97428961748633,6.424816069641587
,988.26,Random Forest,70.97428961748633,6.424816069641587
,1326.24,Random Forest,70.97428961748633,6.424816069641587
,1427.27,Random Forest,70.97428961748633,6.424816069641587
,940.42,Random Forest,70.97428961748633,6.424816069641587
,994.95,Random Forest,70.97428961748633,6.424816069641587
,969.88,Random Forest,70.97428961748633,6.424816069641587
,995.76,Random Forest,70.97428961748633,6.424816069641587
,994.5,Random Forest,70.97428961748633,6.424816069641587
,1338.61,Random Forest,70.97428961748633,6.424816069641587
,1344.66,Random Forest,70.97428961748633,6.424816069641587
,971.5,Random Forest,70.97428961748633,6.424816069641587
,968.98,Random Forest,70.97428961748633,6.424816069641587
,956.88,Random Forest,70.97428961748633,6.424816069641587
,996.85,Random Forest,70.97428961748633,6.424816069641587
,945.68,Random Forest,70.97428961748633,6.424816069641587
,1403.99,Random Forest,70.97428961748633,6.424816069641587
,1429.77,Random Forest,70.97428961748633,6.424816069641587
,967.72,Random Forest,70.97428961748633,6.424816069641587
,958.6,Random Forest,70.97428961748633,6.424816069641587
,965.41,Random Forest,70.97428961748633,6.424816069641587
,947.76,Random Forest,70.97428961748633,6.424816069641587
,942.63,Random Forest,70.97428961748633,6.424816069641587
,1380.69,Random Forest,70.97428961748633,6.424816069641587
,1341.3,Random Forest,70.97428961748633,6.424816069641587
,942.74,Random Forest,70.97428961748633,6.424816069641587
,947.33,Random Forest,70.97428961748633,6.424816069641587
,1001.28,Random Forest,70.97428961748633,6.424816069641587
,930.46,Random Forest,70.97428961748633,6.424816069641587
,953.19,Random Forest,70.97428961748633,6.424816069641587
,1296.58,Random Forest,70.97428961748633,6.424816069641587
,1413.09,Random Forest,70.97428961748633,6.424816069641587
,965.25,Random Forest,70.97428961748633,6.424816069641587
,976.4,Random Forest,70.97428961748633,6.424816069641587
,964.44,Random Forest,70.97428961748633,6.424816069641587
,963.52,Random Forest,70.97428961748633,6.424816069641587
,1000.04,Random Forest,70.97428961748633,6.424816069641587
,1349.22,Random Forest,70.97428961748633,6.424816069641587
,1284.66,Random Forest,70.97428961748633,6.424816069641587
,1035.96,Random Forest,70.97428961748633,6.424816069641587
,947.17,Random Forest,70.97428961748633,6.424816069641587
,954.13,Random Forest,70.97428961748633,6.424816069641587
,984.27,Random Forest,70.97428961748633,6.424816069641587
,898.02,Random Forest,70.97428961748633,6.424816069641587
,1310.47,Random Forest,70.97428961748633,6.424816069641587
,1320.59,Random Forest,70.97428961748633,6.424816069641587
,922.09,Random Forest,70.97428961748633,6.424816069641587
,1027.63,Random Forest,70.97428961748633,6.424816069641587
,972.59,Random Forest,70.97428961748633,6.424816069641587
,941.65,Random Forest,70.97428961748633,6.424816069641587
,949.45,Random Forest,70.97428961748633,6.424816069641587
,1382.74,Random Forest,70.97428961748633,6.424816069641587
,1389.3,Random Forest,70.97428961748633,6.424816069641587
,959.42,Random Forest,70.97428961748633,6.424816069641587
,978.44,Random Forest,70.97428961748633,6.424816069641587
,967.76,Random Forest,70.97428961748633,6.424816069641587
,991.01,Random Forest,70.97428961748633,6.424816069641587
,1006.8,Random Forest,70.97428961748633,6.424816069641587
,1288.98,Random Forest,70.97428961748633,6.424816069641587
,1319.64,Random Forest,70.97428961748633,6.424816069641587
,954.15,Random Forest,70.97428961748633,6.424816069641587
,960.56,Random Forest,70.97428961748633,6.424816069641587
,969.44,Random Forest,70.97428961748633,6.424816069641587
,1015.78,Random Forest,70.97428961748633,6.424816069641587
,908.63,Random Forest,70.97428961748633,6.424816069641587
,1406.98,Random Forest,70.97428961748633,6.424816069641587
,1466.39,Random Forest,70.97428961748633,6.424816069641587
,999.49,Random Forest,70.97428961748633,6.424816069641587
,967.14,Random Forest,70.97428961748633,6.424816069641587
,986.27,Random Forest,70.97428961748633,6.424816069641587
,964.33,Random Forest,70.97428961748633,6.424816069641587
,982.87,Random Forest,70.97428961748633,6.424816069641587
,1431.82,Random Forest,70.97428961748633,6.424816069641587
,1432.39,Random Forest,70.97428961748633,6.424816069641587
,947.9,Random Forest,70.97428961748633,6.424816069641587
,1013.52,Random Forest,70.97428961748633,6.424816069641587
,1017.11,Random Forest,70.97428961748633,6.424816069641587
,938.26,Random Forest,70.97428961748633,6.424816069641587
,968.76,Random Forest,70.97428961748633,6.424816069641587
,1285.97,Random Forest,70.97428961748633,6.424816069641587
,1248.32,Random Forest,70.97428961748633,6.424816069641587
,925.14,Random Forest,70.97428961748633,6.424816069641587
,944.77,Random Forest,70.97428961748633,6.424816069641587
,943.07,Random Forest,70.97428961748633,6.424816069641587
,941.67,Random Forest,70.97428961748633,6.424816069641587
,967.24,Random Forest,70.97428961748633,6.424816069641587
,1406.34,Random Forest,70.97428961748633,6.424816069641587
,1381.45,Random Forest,70.97428961748633,6.424816069641587
,988.43,Random Forest,70.97428961748633,6.424816069641587
,913.92,Random Forest,70.97428961748633,6.424816069641587
,985.03,Random Forest,70.97428961748633,6.424816069641587
,963.26,Random Forest,70.97428961748633,6.424816069641587
,986.6,Random Forest,70.97428961748633,6.424816069641587
,1379.7,Random Forest,70.97428961748633,6.424816069641587
,1406.31,Random Forest,70.97428961748633,6.424816069641587
,969.08,Random Forest,70.97428961748633,6.424816069641587
,979.33,Random Forest,70.97428961748633,6.424816069641587
,970.55,Random Forest,70.97428961748633,6.424816069641587
,965.92,Random Forest,70.97428961748633,6.424816069641587
,1000.38,Random Forest,70.97428961748633,6.424816069641587
,1377.28,Random Forest,70.97428961748633,6.424816069641587
,1371.7,Random Forest,70.97428961748633,6.424816069641587
,970.7,Random Forest,70.97428961748633,6.424816069641587
,953.61,Random Forest,70.97428961748633,6.424816069641587
,929.21,Random Forest,70.97428961748633,6.424816069641587
,1001.29,Random Forest,70.97428961748633,6.424816069641587
,967.35,Random Forest,70.97428961748633,6.424816069641587
,1382.07,Random Forest,70.97428961748633,6.424816069641587
,1312.21,Random Forest,70.97428961748633,6.424816069641587
,963.27,Random Forest,70.97428961748633,6.424816069641587
,932.57,Random Forest,70.97428961748633,6.424816069641587
,922.08,Random Forest,70.97428961748633,6.424816069641587
,989.68,Random Forest,70.97428961748633,6.424816069641587
,943.45,Random Forest,70.97428961748633,6.424816069641587
,1324.28,Random Forest,70.97428961748633,6.424816069641587
,1311.78,Random Forest,70.97428961748633,6.424816069641587
,985.21,Random Forest,70.97428961748633,6.424816069641587
,927.15,Random Forest,70.97428961748633,6.424816069641587
,954.03,Random Forest,70.97428961748633,6.424816069641587
,952.44,Random Forest,70.97428961748633,6.424816069641587
,942.74,Random Forest,70.97428961748633,6.424816069641587
,1341.84,Random Forest,70.97428961748633,6.424816069641587
,1362.09,Random Forest,70.97428961748633,6.424816069641587
,971.76,Random Forest,70.97428961748633,6.424816069641587
,947.21,Random Forest,70.97428961748633,6.424816069641587
,955.89,Random Forest,70.97428961748633,6.424816069641587
,915.13,Random Forest,70.97428961748633,6.424816069641587
,975.03,Random Forest,70.97428961748633,6.424816069641587
,1312.62,Random Forest,70.97428961748633,6.424816069641587
,1371.28,Random Forest,70.97428961748633,6.424816069641587
,982.57,Random Forest,70.97428961748633,6.424816069641587
,994.75,Random Forest,70.97428961748633,6.424816069641587
,995.7,Random Forest,70.97428961748633,6.424816069641587
,990.72,Random Forest,70.97428961748633,6.424816069641587
,979.41,Random Forest,70.97428961748633,6.424816069641587
,1388.41,Random Forest,70.97428961748633,6.424816069641587
,1401.65,Random Forest,70.97428961748633,6.424816069641587
,981.17,Random Forest,70.97428961748633,6.424816069641587
,982.2,Random Forest,70.97428961748633,6.424816069641587
,983.96,Random Forest,70.97428961748633,6.424816069641587
,916.8,Random Forest,70.97428961748633,6.424816069641587
,941.35,Random Forest,70.97428961748633,6.424816069641587
,1442.54,Random Forest,70.97428961748633,6.424816069641587
,1352.35,Random Forest,70.97428961748633,6.424816069641587
,938.97,Random Forest,70.97428961748633,6.424816069641587
,1007.55,Random Forest,70.97428961748633,6.424816069641587
,1051.21,Random Forest,70.97428961748633,6.424816069641587
,1000.21,Random Forest,70.97428961748633,6.424816069641587
,1003.79,Random Forest,70.97428961748633,6.424816069641587
,1385.57,Random Forest,70.97428961748633,6.424816069641587
,1419.72,Random Forest,70.97428961748633,6.424816069641587
,974.64,Random Forest,70.97428961748633,6.424816069641587
,1080.7,Random Forest,70.97428961748633,6.424816069641587
,1076.58,Random Forest,70.97428961748633,6.424816069641587
,1081.87,Random Forest,70.97428961748633,6.424816069641587
,1003.36,Random Forest,70.97428961748633,6.424816069641587
,1446.35,Random Forest,70.97428961748633,6.424816069641587
,1440.46,Random Forest,70.97428961748633,6.424816069641587
,973.76,Random Forest,70.97428961748633,6.424816069641587
,938.41,Random Forest,70.97428961748633,6.424816069641587
,970.99,Random Forest,70.97428961748633,6.424816069641587
,966.16,Random Forest,70.97428961748633,6.424816069641587
,950.33,Random Forest,70.97428961748633,6.424816069641587
,1356.93,Random Forest,70.97428961748633,6.424816069641587
,1355.52,Random Forest,70.97428961748633,6.424816069641587
,995.15,Random Forest,70.97428961748633,6.424816069641587
,972.67,Random Forest,70.97428961748633,6.424816069641587
,972.1,Random Forest,70.97428961748633,6.424816069641587
,985.28,Random Forest,70.97428961748633,6.424816069641587
,992.3,Random Forest,70.97428961748633,6.424816069641587
,1418.27,Random Forest,70.97428961748633,6.424816069641587
,1353.81,Random Forest,70.97428961748633,6.424816069641587
,970.2,Random Forest,70.97428961748633,6.424816069641587
,1016.7,Random Forest,70.97428961748633,6.424816069641587
,961.22,Random Forest,70.97428961748633,6.424816069641587
,991.16,Random Forest,70.97428961748633,6.424816069641587
,1049.57,Random Forest,70.97428961748633,6.424816069641587
,1414.99,Random Forest,70.97428961748633,6.424816069641587
,1439.91,Random Forest,70.97428961748633,6.424816069641587
,1000.99,Random Forest,70.97428961748633,6.424816069641587
,974.52,Random Forest,70.97428961748633,6.424816069641587
,928.88,Random Forest,70.97428961748633,6.424816069641587
,927.83,Random Forest,70.97428961748633,6.424816069641587
,939.37,Random Forest,70.97428961748633,6.424816069641587
,1280.8,Random Forest,70.97428961748633,6.424816069641587
,1280.84,Random Forest,70.97428961748633,6.424816069641587
,897.42,Random Forest,70.97428961748633,6.424816069641587
,940.97,Random Forest,70.97428961748633,6.424816069641587
,939.36,Random Forest,70.97428961748633,6.424816069641587
,969.59,Random Forest,70.97428961748633,6.424816069641587
,946.19,Random Forest,70.97428961748633,6.424816069641587
,1390.34,Random Forest,70.97428961748633,6.424816069641587
,1421.47,Random Forest,70.97428961748633,6.424816069641587
,1004.23,Random Forest,70.97428961748633,6.424816069641587
,990.14,Random Forest,70.97428961748633,6.424816069641587
,977.43,Random Forest,70.97428961748633,6.424816069641587
,985.58,Random Forest,70.97428961748633,6.424816069641587
,1012.24,Random Forest,70.97428961748633,6.424816069641587
,1363.56,Random Forest,70.97428961748633,6.424816069641587
,1353.24,Random Forest,70.97428961748633,6.424816069641587
,948.06,Random Forest,70.97428961748633,6.424816069641587
,945.2,Random Forest,70.97428961748633,6.424816069641587
,937.7,Random Forest,70.97428961748633,6.424816069641587
,959.99,Random Forest,70.97428961748633,6.424816069641587
,969.79,Random Forest,70.97428961748633,6.424816069641587
,1189.2,Random Forest,70.97428961748633,6.424816069641587
,1452.28,Random Forest,70.97428961748633,6.424816069641587
,984.13,Random Forest,70.97428961748633,6.424816069641587
,992.44,Random Forest,70.97428961748633,6.424816069641587
,1009.36,Random Forest,70.97428961748633,6.424816069641587
,975.84,Random Forest,70.97428961748633,6.424816069641587
,994.94,Random Forest,70.97428961748633,6.424816069641587
,1308.34,Random Forest,70.97428961748633,6.424816069641587
,1340.32,Random Forest,70.97428961748633,6.424816069641587
,931.88,Random Forest,70.97428961748633,6.424816069641587
,956.56,Random Forest,70.97428961748633,6.424816069641587
,957.65,Random Forest,70.97428961748633,6.424816069641587
,942.57,Random Forest,70.97428961748633,6.424816069641587
,943.95,Random Forest,70.97428961748633,6.424816069641587
,1338.53,Random Forest,70.97428961748633,6.424816069641587
,1284.61,Random Forest,70.97428961748633,6.424816069641587
,915.81,Random Forest,70.97428961748633,6.424816069641587
,946.06,Random Forest,70.97428961748633,6.424816069641587
,945.14,Random Forest,70.97428961748633,6.424816069641587
,967.02,Random Forest,70.97428961748633,6.424816069641587
,993.24,Random Forest,70.97428961748633,6.424816069641587
,1287.48,Random Forest,70.97428961748633,6.424816069641587
,1318.08,Random Forest,70.97428961748633,6.424816069641587
,1018.65,Random Forest,70.97428961748633,6.424816069641587
,952.61,Random Forest,70.97428961748633,6.424816069641587
,946.97,Random Forest,70.97428961748633,6.424816069641587
,995.96,Random Forest,70.97428961748633,6.424816069641587
,948.02,Random Forest,70.97428961748633,6.424816069641587
,1352.35,Random Forest,70.97428961748633,6.424816069641587
,1396.55,Random Forest,70.97428961748633,6.424816069641587
,957.55,Random Forest,70.97428961748633,6.424816069641587
,973.75,Random Forest,70.97428961748633,6.424816069641587
,977.39,Random Forest,70.97428961748633,6.424816069641587
,983.39,Random Forest,70.97428961748633,6.424816069641587
,1005.06,Random Forest,70.97428961748633,6.424816069641587
,1379.03,Random Forest,70.97428961748633,6.424816069641587
,1390.16,Random Forest,70.97428961748633,6.424816069641587
,998.96,Random Forest,70.97428961748633,6.424816069641587
,962.72,Random Forest,70.97428961748633,6.424816069641587
,985.29,Random Forest,70.97428961748633,6.424816069641587
,941.93,Random Forest,70.97428961748633,6.424816069641587
,986.27,Random Forest,70.97428961748633,6.424816069641587
,1301.92,Random Forest,70.97428961748633,6.424816069641587
,1313.63,Random Forest,70.97428961748633,6.424816069641587
,923.57,Random Forest,70.97428961748633,6.424816069641587
,949.21,Random Forest,70.97428961748633,6.424816069641587
,1006.68,Random Forest,70.97428961748633,6.424816069641587
,1011.65,Random Forest,70.97428961748633,6.424816069641587
,993.56,Random Forest,70.97428961748633,6.424816069641587
,1441.43,Random Forest,70.97428961748633,6.424816069641587
,1425.78,Random Forest,70.97428961748633,6.424816069641587
,977.38,Random Forest,70.97428961748633,6.424816069641587
,979.6,Random Forest,70.97428961748633,6.424816069641587
,969.13,Random Forest,70.97428961748633,6.424816069641587
,962.58,Random Forest,70.97428961748633,6.424816069641587
,950.88,Random Forest,70.97428961748633,6.424816069641587
,1319.07,Random Forest,70.97428961748633,6.424816069641587
,1291.28,Random Forest,70.97428961748633,6.424816069641587
,877.34,Random Forest,70.97428961748633,6.424816069641587
,957.61,Random Forest,70.97428961748633,6.424816069641587
,917.62,Random Forest,70.97428961748633,6.424816069641587
,931.76,Random Forest,70.97428961748633,6.424816069641587
,967.83,Random Forest,70.97428961748633,6.424816069641587
,1296.38,Random Forest,70.97428961748633,6.424816069641587
,1300.52,Random Forest,70.97428961748633,6.424816069641587
,895.46,Random Forest,70.97428961748633,6.424816069641587
,957.55,Random Forest,70.97428961748633,6.424816069641587
,905.2,Random Forest,70.97428961748633,6.424816069641587
,902.8,Random Forest,70.97428961748633,6.424816069641587
,975.75,Random Forest,70.97428961748633,6.424816069641587
,1341.67,Random Forest,70.97428961748633,6.424816069641587
,1335.1,Random Forest,70.97428961748633,6.424816069641587
,968.28,Random Forest,70.97428961748633,6.424816069641587
,952.35,Random Forest,70.97428961748633,6.424816069641587
,987.86,Random Forest,70.97428961748633,6.424816069641587
,972.28,Random Forest,70.97428961748633,6.424816069641587
,958.51,Random Forest,70.97428961748633,6.424816069641587
,1452.83,Random Forest,70.97428961748633,6.424816069641587
,1462.09,Random Forest,70.97428961748633,6.424816069641587
,1000.06,Random Forest,70.97428961748633,6.424816069641587
,981.08,Random Forest,70.97428961748633,6.424816069641587
,982.38,Random Forest,70.97428961748633,6.424816069641587
,965.76,Random Forest,70.97428961748633,6.424816069641587
,988.2,Random Forest,70.97428961748633,6.424816069641587
,1416.04,Random Forest,70.97428961748633,6.424816069641587
,1398.33,Random Forest,70.97428961748633,6.424816069641587
,963.73,Random Forest,70.97428961748633,6.424816069641587
,929.62,Random Forest,70.97428961748633,6.424816069641587
,918.79,Random Forest,70.97428961748633,6.424816069641587
,912.28,Random Forest,70.97428961748633,6.424816069641587
,1441.29,Random Forest,70.97428961748633,6.424816069641587
,1692.24,Random Forest,70.97428961748633,6.424816069641587
,1798.04,Random Forest,70.97428961748633,6.424816069641587
,1448.48,Random Forest,70.97428961748633,6.424816069641587
,1358.33,Random Forest,70.97428961748633,6.424816069641587
,1312.69,Random Forest,70.97428961748633,6.424816069641587
,1395.36,Random Forest,70.97428961748633,6.424816069641587
,1487.88,Random Forest,70.97428961748633,6.424816069641587
,1857.98,Random Forest,70.97428961748633,6.424816069641587
,1780.45,Random Forest,70.97428961748633,6.424816069641587
,1414.72,Random Forest,70.97428961748633,6.424816069641587
,1420.17,Random Forest,70.97428961748633,6.424816069641587
,1429.75,Random Forest,70.97428961748633,6.424816069641587
,1380.92,Random Forest,70.97428961748633,6.424816069641587
,1479.52,Random Forest,70.97428961748633,6.424816069641587
,1829.14,Random Forest,70.97428961748633,6.424816069641587
,1877.89,Random Forest,70.97428961748633,6.424816069641587
,1471.71,Random Forest,70.97428961748633,6.424816069641587
,1485.63,Random Forest,70.97428961748633,6.424816069641587
,1438.47,Random Forest,70.97428961748633,6.424816069641587
,1453.06,Random Forest,70.97428961748633,6.424816069641587
,1499.13,Random Forest,70.97428961748633,6.424816069641587
,1767.28,Random Forest,70.97428961748633,6.424816069641587
,1765.45,Random Forest,70.97428961748633,6.424816069641587
,1355.11,Random Forest,70.97428961748633,6.424816069641587
,1452.49,Random Forest,70.97428961748633,6.424816069641587
,1441.65,Random Forest,70.97428961748633,6.424816069641587
,1470.15,Random Forest,70.97428961748633,6.424816069641587
,1454.14,Random Forest,70.97428961748633,6.424816069641587
,1765.17,Random Forest,70.97428961748633,6.424816069641587
,1781.67,Random Forest,70.97428961748633,6.424816069641587
,1470.45,Random Forest,70.97428961748633,6.424816069641587
,1514.24,Random Forest,70.97428961748633,6.424816069641587
,1430.12,Random Forest,70.97428961748633,6.424816069641587
,1520.2,Random Forest,70.97428961748633,6.424816069641587
,1512.35,Random Forest,70.97428961748633,6.424816069641587
,1830.72,Random Forest,70.97428961748633,6.424816069641587
,1857.09,Random Forest,70.97428961748633,6.424816069641587
,1462.47,Random Forest,70.97428961748633,6.424816069641587
,1476.1,Random Forest,70.97428961748633,6.424816069641587
,1488.12,Random Forest,70.97428961748633,6.424816069641587
,1441.64,Random Forest,70.97428961748633,6.424816069641587
,1481.45,Random Forest,70.97428961748633,6.424816069641587
,1858.47,Random Forest,70.97428961748633,6.424816069641587
,1837.06,Random Forest,70.97428961748633,6.424816069641587
,1419.0,Random Forest,70.97428961748633,6.424816069641587
,1422.56,Random Forest,70.97428961748633,6.424816069641587
,1440.0,Random Forest,70.97428961748633,6.424816069641587
,1398.78,Random Forest,70.97428961748633,6.424816069641587
,1477.46,Random Forest,70.97428961748633,6.424816069641587
,1813.16,Random Forest,70.97428961748633,6.424816069641587
,1810.43,Random Forest,70.97428961748633,6.424816069641587
,1477.75,Random Forest,70.97428961748633,6.424816069641587
,1488.09,Random Forest,70.97428961748633,6.424816069641587
,1489.03,Random Forest,70.97428961748633,6.424816069641587
,1430.96,Random Forest,70.97428961748633,6.424816069641587
,1458.46,Random Forest,70.97428961748633,6.424816069641587
,1927.02,Random Forest,70.97428961748633,6.424816069641587
,1930.11,Random Forest,70.97428961748633,6.424816069641587
,1470.94,Random Forest,70.97428961748633,6.424816069641587
,1789.56,Random Forest,70.97428961748633,6.424816069641587
